image,locationName,city,gencapacity (kW),Unnamed: 4,latitude,longitude
https://der.nyserda.ny.gov/static/map/img/dot-solar.svg,"103 Sparling Road, LLC","Saugerties, NY",4200,,42.1000894,-73.9582318
https://der.nyserda.ny.gov/static/map/img/dot-solar.svg,132 Pattersonville Rynex Corners Rd,"Schenectady, NY",3000,,42.825598,-74.0644909
https://der.nyserda.ny.gov/static/map/img/dot-solar.svg,141 Verbeck Ave,"Schaghticoke, NY",3200,,42.9398564,-73.6173733
https://der.nyserda.ny.gov/static/map/img/dot-solar.svg,20598 Old Rome Road,"Watertown, NY",3000,,43.957111,-75.9826619
https://der.nyserda.ny.gov/static/map/img/dot-solar.svg,2453 West Creek Road,"Newark Valley, NY",6900,,42.1936433,-76.2501927
https://der.nyserda.ny.gov/static/map/img/dot-solar.svg,273 Finchville Turnpike,"Otisville, NY",6800,,41.4572653,-74.5449638
https://der.nyserda.ny.gov/static/map/img/dot-solar.svg,2B Rotterdam Landfill,"Pattersonville, NY",4500,,42.8834249,-74.0840554
https://der.nyserda.ny.gov/static/map/img/dot-solar.svg,443 Glen Mary Drive,"Tioga, NY",9900,,42.1042914,-76.2914981
https://der.nyserda.ny.gov/static/map/img/dot-solar.svg,519 Route 151 - 519 County Route 151 (North B),"St. Johnsville, NY",1943,,43.0584995,-74.7409491
https://der.nyserda.ny.gov/static/map/img/dot-solar.svg,5813A Route 30,"Amsterdam, NY",2800,,42.9087964,-74.2200861
https://der.nyserda.ny.gov/static/map/img/dot-solar.svg,5813B Route 30,"Amsterdam, NY",2800,,42.9087964,-74.2200861
https://der.nyserda.ny.gov/static/map/img/dot-solar.svg,5813E Route 30,"Amsterdam, NY",2800,,42.9087964,-74.2200861
https://der.nyserda.ny.gov/static/map/img/dot-solar.svg,93 Villa Roma Rd,"Callicoon, NY",9400,,41.753652,-74.9614279
https://der.nyserda.ny.gov/static/map/img/dot-solar.svg,"ABA Clean Energy, LLC 55 Lehigh Road, Richland","Richland, NY",2600,,43.512639,-76.1219419
https://der.nyserda.ny.gov/static/map/img/dot-solar.svg,"Abundant Solar Pow - 2985 County Route 84 42.026902, 77.5 - PV Systems","Troupsburg, NY",7000,,42.0240012,-77.559854
https://der.nyserda.ny.gov/static/map/img/dot-solar.svg,Abundant Solar Pow - 5701 Bowman Rd,"East Syracuse, NY",5700,,43.045646,-76.0274679
https://der.nyserda.ny.gov/static/map/img/dot-solar.svg,Abundant Solar Power Bennett,"Victory, NY",1983,,42.9362675,-77.4717639
https://der.nyserda.ny.gov/static/map/img/dot-solar.svg,Abundant Solar Power Inc. - 8894 Main Street,"Honeoye, NY",7000,,42.7900972,-77.5288825
https://der.nyserda.ny.gov/static/map/img/dot-solar.svg,Abundant Solar Power Macedon,"Macedon, NY",2800,,43.061257,-77.3498589
https://der.nyserda.ny.gov/static/map/img/dot-solar.svg,Abundant Solar Power Whittier,"Spencerport, NY",2600,,43.1509436,-77.8632288
https://der.nyserda.ny.gov/static/map/img/dot-solar.svg,Abundant Solar Power Williamson,"Williamson, NY",2800,,43.2348253,-77.1553436
https://der.nyserda.ny.gov/static/map/img/dot-solar.svg,"AC Power 14, LLC - 20 Shisler Road","Lancaster, NY",6600,,42.9500621,-78.6297479
https://der.nyserda.ny.gov/static/map/img/dot-solar.svg,"AC Power 9, LLC - 45 Leavy Hollow Ln","Fort Edward, NY",6900,,43.292254,-73.5700009
https://der.nyserda.ny.gov/static/map/img/dot-solar.svg,"AC Power, LLC - 10 Shisler Road","Lancaster, NY",6100,,42.9491191,-78.6329591
https://der.nyserda.ny.gov/static/map/img/dot-solar.svg,"Adams Renewables, LLC - 13396 NY178 - PV Systems","Adams, NY",4400,,43.8125606,-76.1069147
https://der.nyserda.ny.gov/static/map/img/dot-solar.svg,"Aegis Solar, LLC","Canandaigua, NY",3000,,42.7647028,-77.3470219
https://der.nyserda.ny.gov/static/map/img/dot-solar.svg,"AES Distributed Energy, Inc. - 469 NY17K #1 - PV Systems","Rock Tavern, NY",7100,,41.5252985,-74.1448003
https://der.nyserda.ny.gov/static/map/img/dot-solar.svg,AETS Camillus A LLC - 6327 Van Alstine Road,"Camillus, NY",6600,,43.0781904,-76.3176055
https://der.nyserda.ny.gov/static/map/img/dot-solar.svg,AETS Camillus B LLC - 6198 Van Alstine Road,"Camillus, NY",6600,,43.0734968,-76.3123032
https://der.nyserda.ny.gov/static/map/img/dot-solar.svg,Affordable Housing - 42160 Airport Rd,"New Hampton, NY",6700,,41.4291058,-74.4043516
https://der.nyserda.ny.gov/static/map/img/dot-solar.svg,Albany Broadcasting Co.,"Glenmont, NY",2700,,42.574798,-73.7879439
https://der.nyserda.ny.gov/static/map/img/dot-solar.svg,Ameresco - 876 State Highway 29A,"Gloversville, NY",6900,,43.0490872,-74.3104675
https://der.nyserda.ny.gov/static/map/img/dot-solar.svg,"Ameresco, Inc. - 1196 NY Route 82","East Fishkill, NY",6900,,41.600858,-73.7900589
https://der.nyserda.ny.gov/static/map/img/dot-solar.svg,Amherst Community Solar - 595 Schoelles Road,"Amherst, NY",6400,,43.049903,-78.7486339
https://der.nyserda.ny.gov/static/map/img/dot-solar.svg,Amphenol - East,"Dryden, NY",3500,,42.486531,-76.3230169
https://der.nyserda.ny.gov/static/map/img/dot-solar.svg,Amphenol - West,"Sidney, NY",2800,,42.308155,-75.4004669
https://der.nyserda.ny.gov/static/map/img/dot-solar.svg,Anheuser Busch LLC (NY 15 0107),"Baldwinsville, NY",2800,,43.153249,-76.4154018
https://der.nyserda.ny.gov/static/map/img/dot-solar.svg,"Appleton Solar 1, LLC - 93 Appleton Rd","Rexford, NY",7500,,42.8580309,-73.8625319
https://der.nyserda.ny.gov/static/map/img/dot-solar.svg,"APR Walden Solar 1, LLC","Walden, NY",5100,,41.5816,-74.2245245
https://der.nyserda.ny.gov/static/map/img/dot-solar.svg,ASA Clayton NY Solar I LLC,"Clayton, NY",1752,,44.186712,-76.1917768
https://der.nyserda.ny.gov/static/map/img/dot-solar.svg,ASA Gouverneur NY Solar I LLC,"Richville, NY",2100,,44.390701,-75.4476169
https://der.nyserda.ny.gov/static/map/img/dot-solar.svg,ASA Gouverneur NY Solar II LLC,"Gouverneur, NY",5200,,44.3649435,-75.4328788
https://der.nyserda.ny.gov/static/map/img/dot-solar.svg,ASA Holdings NY I LLC - 2700 US Highway 11,"Richville, NY",4000,,44.4262182,-75.3844036
https://der.nyserda.ny.gov/static/map/img/dot-solar.svg,ASA Volney NY Solar I LLC,"Volney, NY",6300,,43.3280099,-76.3622823
https://der.nyserda.ny.gov/static/map/img/dot-solar.svg,Ashdown - 25 Ashdown Rd,"Clifton Park, NY",5800,,42.8833269,-73.8857578
https://der.nyserda.ny.gov/static/map/img/dot-solar.svg,Avon School District,"Avon, NY",1510,,42.9049665,-77.7406253
https://der.nyserda.ny.gov/static/map/img/dot-solar.svg,"Avon Solar Farm, LLC - 500 Rochester St","Avon, NY",4900,,42.9272539,-77.7424276
https://der.nyserda.ny.gov/static/map/img/dot-solar.svg,Baer Road,"Callicoon, NY",2800,,41.7963516,-75.0664696
https://der.nyserda.ny.gov/static/map/img/dot-solar.svg,"Bangor Solar, LLC - 2739 State Route 11B","North Bangor, NY",6800,,44.8162959,-74.3834241
https://der.nyserda.ny.gov/static/map/img/dot-solar.svg,"Barton Mines Company, LLC - 28 Barton Mines Lane","North Creek, NY",2700,,43.7205937,-74.0668644
https://der.nyserda.ny.gov/static/map/img/dot-solar.svg,Bausch & Lomb,"Rochester, NY",1100,,43.1801223,-77.576716
https://der.nyserda.ny.gov/static/map/img/dot-solar.svg,"Beaver Dam Solar 1, LLC - 275 Beaver Dam Road","Selkirk, NY",7600,,42.5475963,-73.7962971
https://der.nyserda.ny.gov/static/map/img/dot-solar.svg,Bethlehem Central School District,"Delmar, NY",2200,,42.6028103,-73.8840666
https://der.nyserda.ny.gov/static/map/img/dot-solar.svg,Bethlehem East,"Selkirk, NY",2400,,42.542372,-73.8314009
https://der.nyserda.ny.gov/static/map/img/dot-solar.svg,Bethlehem West,"Selkirk, NY",1308,,42.542372,-73.8314009
https://der.nyserda.ny.gov/static/map/img/dot-solar.svg,Big Flats Community Solar Farm,"Horseheads, NY",5500,,42.189191,-76.8935669
https://der.nyserda.ny.gov/static/map/img/dot-solar.svg,"Black River Solar, LLC","Watertown, NY",5600,,43.9984345,-75.8230076
https://der.nyserda.ny.gov/static/map/img/dot-solar.svg,"Black Water Solar Partners, LLC - 104 Horseshoe Rd","Heuvelton, NY",3100,,44.6131451,-75.4170952
https://der.nyserda.ny.gov/static/map/img/dot-solar.svg,Bluestone,"Kingston, NY",3000,,41.9884014,-74.0329692
https://der.nyserda.ny.gov/static/map/img/dot-solar.svg,Boas 4 - NY Mooers IV,"Mooers Forks, NY",2800,,44.9361669,-73.6742045
https://der.nyserda.ny.gov/static/map/img/dot-solar.svg,"Bogart Solar, LLC","Palenville, NY",3000,,42.2092021,-73.9936641
https://der.nyserda.ny.gov/static/map/img/dot-solar.svg,Borrego Solar - 267 Sugar Hill Rd,"Rexford, NY",6800,,42.8324472,-73.8450953
https://der.nyserda.ny.gov/static/map/img/dot-solar.svg,Borrego Solar Systems - 12963 Main Rd,"Newstead, NY",6500,,42.9967682,-78.5067756
https://der.nyserda.ny.gov/static/map/img/dot-solar.svg,Borrego Solar Systems - 2131 State Route 40,"Greenwich, NY",7300,,43.078257,-73.5357339
https://der.nyserda.ny.gov/static/map/img/dot-solar.svg,Borrego Solar Systems - 2668 Redman Road,"Brockport, NY",8600,,43.2761635,-77.9678658
https://der.nyserda.ny.gov/static/map/img/dot-solar.svg,Borrego Solar Systems - 3104 West Main Street Rd,"Batavia, NY",4500,,42.9991048,-78.2779378
https://der.nyserda.ny.gov/static/map/img/dot-solar.svg,Borrego Solar Systems - 3232 West Main Street Rd,"Batavia, NY",5000,,43.0000347,-78.2700664
https://der.nyserda.ny.gov/static/map/img/dot-solar.svg,Borrego Solar Systems - 5230 Town Line Road,"Batavia, NY",6500,,43.0121818,-78.2911121
https://der.nyserda.ny.gov/static/map/img/dot-solar.svg,Borrego Solar Systems – 3254 Roosevelt Hwy,"Hamlin, NY",6900,,43.2973912,-77.9420395
https://der.nyserda.ny.gov/static/map/img/dot-solar.svg,"Borrego Solar Systems, Inc - Airport Rd.","Accord, NY",5600,,41.782763,-74.2912264
https://der.nyserda.ny.gov/static/map/img/dot-solar.svg,"Borrego Solar Systems, Inc - Allis Rd.","Medina, NY",7300,,43.2199551,-78.3643166
https://der.nyserda.ny.gov/static/map/img/dot-solar.svg,"Borrego Solar Systems, Inc - Beals Rd.","Medina, NY",5200,,43.2268258,-78.3590414
https://der.nyserda.ny.gov/static/map/img/dot-solar.svg,"Borrego Solar Systems, Inc - Route 209","Rochester, NY",5600,,43.1164106,-77.6825015
https://der.nyserda.ny.gov/static/map/img/dot-solar.svg,"Borrego Solar Systems, Inc. - 1414 Rowe Ave - PV Systems","Olean, NY",7200,,42.06847,-78.3778269
https://der.nyserda.ny.gov/static/map/img/dot-solar.svg,"Borrego Solar Systems, Inc. - 1639 State Highway 29 - PV Systems","Gloversville, NY",9800,,43.0435289,-74.2548132
https://der.nyserda.ny.gov/static/map/img/dot-solar.svg,"Borrego Solar Systems, Inc. - 241 Knapp Rd East - PV Systems","Akron, NY",6300,,43.0139161,-78.4603605
https://der.nyserda.ny.gov/static/map/img/dot-solar.svg,"Borrego Solar Systems, Inc. - 2645 Union St.","Spencerport, NY",6400,,43.1552599,-77.8087404
https://der.nyserda.ny.gov/static/map/img/dot-solar.svg,"Borrego Solar Systems, Inc. - 2648 Union St.","Spencerport, NY",5600,,43.154865,-77.8079289
https://der.nyserda.ny.gov/static/map/img/dot-solar.svg,"Borrego Solar Systems, Inc. - 2675 Union St.","Spencerport, NY",5800,,43.1540404,-77.8087848
https://der.nyserda.ny.gov/static/map/img/dot-solar.svg,"Borrego Solar Systems, Inc. - 4352 Williams Rd - PV Systems","Ransomville, NY",5900,,43.2033662,-78.9464474
https://der.nyserda.ny.gov/static/map/img/dot-solar.svg,"Borrego Solar Systems, Inc. - Dusenberry Lane","Troy, NY",7200,,42.7686049,-73.6260419
https://der.nyserda.ny.gov/static/map/img/dot-solar.svg,"Borrego Solar Systems, Inc. - Knapp Road","Akron, NY",6100,,43.0139161,-78.4603605
https://der.nyserda.ny.gov/static/map/img/dot-solar.svg,"BQ Energy, LLC - Old White Lake Turnpike","Swan Lake, NY",4300,,41.717206,-74.7956669
https://der.nyserda.ny.gov/static/map/img/dot-solar.svg,"Brick Church Solar 1 - West, LLC","Brunswick, NY",5400,,42.7554749,-73.5824738
https://der.nyserda.ny.gov/static/map/img/dot-solar.svg,"Brickchurch Solar, LLC","North Rose, NY",3000,,43.1993686,-76.9757601
https://der.nyserda.ny.gov/static/map/img/dot-solar.svg,Bright Field - NYS Route 70,"Burns, NY",5300,,42.460536,-77.7409687
https://der.nyserda.ny.gov/static/map/img/dot-solar.svg,Bright Hill - 721 Eveland Road,"Arkport, NY",6800,,42.47227,-77.7092819
https://der.nyserda.ny.gov/static/map/img/dot-solar.svg,Bright Oak - Galloway Road,"Batavia, NY",5800,,43.0332834,-78.2482223
https://der.nyserda.ny.gov/static/map/img/dot-solar.svg,Broadalbin-Perth CSD - 1870 County Hwy 107,"Amsterdam, NY",1930,,43.0171955,-74.1919559
https://der.nyserda.ny.gov/static/map/img/dot-solar.svg,"Brodhead Solar, LLC - 1970-1976 State Route 32","Modena, NY",3000,,41.6578139,-74.1157632
https://der.nyserda.ny.gov/static/map/img/dot-solar.svg,Broome County - 375 Broome Corp Pkwy,"Conklin, NY",2500,,42.0615056,-75.8199708
https://der.nyserda.ny.gov/static/map/img/dot-solar.svg,Broome County - 399 Broome Corp Pkwy,"Conklin, NY",2800,,42.0608144,-75.823115
https://der.nyserda.ny.gov/static/map/img/dot-solar.svg,Bullitt Farm Solar - 6878 Fox Rd,"Marcy, NY",6600,,43.195668,-75.2656956
https://der.nyserda.ny.gov/static/map/img/dot-solar.svg,"Burke Solar, LLC - 115 Ketcham Road","Burke, NY",5800,,44.9168124,-74.1467409
https://der.nyserda.ny.gov/static/map/img/dot-solar.svg,Burritt Road - NY Parma I - 146 Burritt Road,"Parma, NY",2800,,43.277129,-77.7657629
https://der.nyserda.ny.gov/static/map/img/dot-solar.svg,Butterville Road Solar - County Route 75,"Adams, NY",1164,,44.6343267,-75.5488631
https://der.nyserda.ny.gov/static/map/img/dot-solar.svg,C2 NY Sentinel Heights Solar - 3500 Sentinel Heights Rd,"Lafayette, NY",4900,,42.9407505,-76.1164831
https://der.nyserda.ny.gov/static/map/img/dot-solar.svg,"Cairo NY 1, LLC - 258 Old Route 23","Acra, NY",3000,,42.3082113,-74.0447165
https://der.nyserda.ny.gov/static/map/img/dot-solar.svg,"Camden Renewables, LLC - 1751 Mexico Road","Camden, NY",3900,,43.3399766,-75.7737412
https://der.nyserda.ny.gov/static/map/img/dot-solar.svg,Camden Solar Farm,"Camden, NY",2400,,43.312473,-75.6978118
https://der.nyserda.ny.gov/static/map/img/dot-solar.svg,Canandaigua #1,"Canandaigua, NY",2500,,42.890706,-77.2577039
https://der.nyserda.ny.gov/static/map/img/dot-solar.svg,Canandaigua #2,"Canandaigua, NY",1628,,42.8873492,-77.248522
https://der.nyserda.ny.gov/static/map/img/dot-solar.svg,Candor Central School District,"Candor, NY",1077,,42.230506,-76.3609299
https://der.nyserda.ny.gov/static/map/img/dot-solar.svg,"Canisteo Solar I, LLC - 6253 County Road 64","Hornell, NY",6500,,42.304901,-77.6566089
https://der.nyserda.ny.gov/static/map/img/dot-solar.svg,"Catalyze Holdings, LLC - 3240 W Lake Rd","Geneseo, NY",6500,,42.8455092,-77.7189459
https://der.nyserda.ny.gov/static/map/img/dot-solar.svg,Catlin Solar 1,"Beaver Dams, NY",6100,,42.2842399,-76.9560965
https://der.nyserda.ny.gov/static/map/img/dot-solar.svg,Catlin Solar LLC - 68 Callahan Road,"Beaver Dams, NY",1251,,42.2842399,-76.9560965
https://der.nyserda.ny.gov/static/map/img/dot-solar.svg,CDG Huron Solar 1,"Huron, NY",1777,,43.2139517,-76.8321752
https://der.nyserda.ny.gov/static/map/img/dot-solar.svg,"Cedar Hill Solar, LLC - 2579 Brookview Rd","Castleton On Hudson, NY",7600,,42.5741568,-73.7098122
https://der.nyserda.ny.gov/static/map/img/dot-solar.svg,CES Hogansburg Solar,"Bombay, NY",1247,,44.965065,-74.6422644
https://der.nyserda.ny.gov/static/map/img/dot-solar.svg,CES Marbletown Solar - 2675 Route 209,"Kingston, NY",4400,,41.890489,-74.1042351
https://der.nyserda.ny.gov/static/map/img/dot-solar.svg,"Chester NY 1, LLC","Chester, NY",2700,,41.3401645,-74.2938275
https://der.nyserda.ny.gov/static/map/img/dot-solar.svg,Cicero Energy Storage 1 - 7790 Northern Blvd,"East Syracuse, NY",7700,,43.147694,-76.0839749
https://der.nyserda.ny.gov/static/map/img/dot-solar.svg,Cicero Energy Storage 2 - 6262 Island Rd,"Cicero, NY",7600,,43.150225,-76.0906339
https://der.nyserda.ny.gov/static/map/img/dot-solar.svg,Citizens Chenango Solar,"Castle Creek, NY",6100,,42.1974206,-75.9359933
https://der.nyserda.ny.gov/static/map/img/dot-solar.svg,City of Amsterdam,"Amsterdam, NY",2800,,42.9449794,-74.1611688
https://der.nyserda.ny.gov/static/map/img/dot-solar.svg,City of Beacon,"Beacon, NY",2800,,41.4941387,-73.9832528
https://der.nyserda.ny.gov/static/map/img/dot-solar.svg,City of Ogdensburg,"Ogdensburg, NY",1131,,44.6986104,-75.4630241
https://der.nyserda.ny.gov/static/map/img/dot-solar.svg,City of Olean,"Olean, NY",4100,,42.1004556,-78.4425605
https://der.nyserda.ny.gov/static/map/img/dot-solar.svg,City of Oneida Solar,"Oneida, NY",2000,,43.0829397,-75.6945622
https://der.nyserda.ny.gov/static/map/img/dot-solar.svg,City of Rochester,"Rochester, NY",2600,,43.1764469,-77.6789079
https://der.nyserda.ny.gov/static/map/img/dot-solar.svg,City of Troy - Troy Landfill 3 Landfill Road - PV Systems,"Troy, NY",2600,,42.7004941,-73.6754961
https://der.nyserda.ny.gov/static/map/img/dot-solar.svg,City of Utica - 583A Five Mile Line Road,"Lisbon, NY",1981,,44.7276143,-75.3405162
https://der.nyserda.ny.gov/static/map/img/dot-solar.svg,City of Utica 2,"Gouverneur, NY",1443,,44.344359,-75.4464719
https://der.nyserda.ny.gov/static/map/img/dot-solar.svg,City of Utica Solar Project 1 - 583B Five Mile Line Road,"Lisbon, NY",2800,,44.7276143,-75.3405162
https://der.nyserda.ny.gov/static/map/img/dot-solar.svg,"Clarkson Renewables, LLC - Lake Road","Clarkson, NY",7100,,43.227367,-77.9451559
https://der.nyserda.ny.gov/static/map/img/dot-solar.svg,Clarkson Solar,"Potsdam, NY",2300,,44.672302,-74.9526709
https://der.nyserda.ny.gov/static/map/img/dot-solar.svg,Clarkstown Landfill,"West Nyack, NY",2300,,41.0888014,-73.9517724
https://der.nyserda.ny.gov/static/map/img/dot-solar.svg,"Claverack Solar 1, LLC - 239 Stottville Road","Hudson, NY",7500,,42.2710661,-73.7331587
https://der.nyserda.ny.gov/static/map/img/dot-solar.svg,ClearPath Energy - 254 Route 11,"Tully, NY",7500,,42.7854237,-76.1051292
https://der.nyserda.ny.gov/static/map/img/dot-solar.svg,ClearPath Energy - 526 State Route 170A,"Little Falls, NY",7600,,43.111229,-74.8395919
https://der.nyserda.ny.gov/static/map/img/dot-solar.svg,ClearPath Energy - 705 North Rd,"Tully, NY",7500,,42.8045417,-76.1185777
https://der.nyserda.ny.gov/static/map/img/dot-solar.svg,ClearPath Energy - 7057 Brewery Rd,"Lowville, NY",4600,,43.8691531,-75.3730703
https://der.nyserda.ny.gov/static/map/img/dot-solar.svg,ClearPath Energy LLC - 340 Route 11,"Tully, NY",6800,,42.7899256,-76.1099669
https://der.nyserda.ny.gov/static/map/img/dot-solar.svg,Columbia University - 124 Johnson Road,"Chester, NY",2900,,41.383503,-74.2642489
https://der.nyserda.ny.gov/static/map/img/dot-solar.svg,Columbia University - 234 State Line Road,"Westtown, NY",2900,,41.295945,-74.5552392
https://der.nyserda.ny.gov/static/map/img/dot-solar.svg,Cornell Snyder Road Solar Farm,"Ithaca, NY",2100,,42.4989841,-76.4639671
https://der.nyserda.ny.gov/static/map/img/dot-solar.svg,Cornell University Agricultural Experiment Station (CUAES),"Aurora, NY",5700,,42.7269033,-76.6643835
https://der.nyserda.ny.gov/static/map/img/dot-solar.svg,Cornell University New York State Agricultural Experiment Station (NYSAES),"Geneva, NY",2800,,42.8686042,-77.0329815
https://der.nyserda.ny.gov/static/map/img/dot-solar.svg,Cornell University Ruminant Center,"Harford, NY",2800,,42.4399284,-76.238229
https://der.nyserda.ny.gov/static/map/img/dot-solar.svg,Corning Inc. - 238220,"Tonawanda, NY",6000,,42.9999487,-78.91586
https://der.nyserda.ny.gov/static/map/img/dot-solar.svg,"Costanza Solar, LLC","Westerlo, NY",3000,,42.4645771,-74.0789326
https://der.nyserda.ny.gov/static/map/img/dot-solar.svg,County of Lewis - 5252 Outer Stowe Street,"Lowville, NY",2500,,43.7782442,-75.5015392
https://der.nyserda.ny.gov/static/map/img/dot-solar.svg,Crans Mill Road Solar Project,"Pine Bush,, NY",2800,,41.5637563,-74.3473398
https://der.nyserda.ny.gov/static/map/img/dot-solar.svg,"Cream Street Solar, LLC - 175408","Hyde Park, NY",2900,,41.7558311,-73.8779015
https://der.nyserda.ny.gov/static/map/img/dot-solar.svg,"Cricket Hill Solar, LLC","Dover Plains, NY",3100,,41.6766564,-73.5782836
https://der.nyserda.ny.gov/static/map/img/dot-solar.svg,Cummins Jamestown Engine Plant,"Lakewood, NY",2000,,42.0820969,-79.3663494
https://der.nyserda.ny.gov/static/map/img/dot-solar.svg,"CVE North America, Inc - 7 Belair Lane","Troy, NY",4900,,42.7532318,-73.6488793
https://der.nyserda.ny.gov/static/map/img/dot-solar.svg,Cypress Creek Renewables 590 County Road 108,"St Johnsville, NY",6500,,43.0570096,-74.7379665
https://der.nyserda.ny.gov/static/map/img/dot-solar.svg,Delaware River Solar - 2497 Canoga Road,"Seneca Falls, NY",7000,,42.851934,-76.8027327
https://der.nyserda.ny.gov/static/map/img/dot-solar.svg,Delaware River Solar - 466 Yellow Mills 1-3,"Palmyra, NY",8300,,43.0193166,-77.2627755
https://der.nyserda.ny.gov/static/map/img/dot-solar.svg,Delaware River Solar - Cafferty Hill,"Owego, NY",6900,,42.084069,-76.1146829
https://der.nyserda.ny.gov/static/map/img/dot-solar.svg,Delaware River Solar - Millard Hill Road,"Newfield, NY",7500,,42.385081,-76.5990418
https://der.nyserda.ny.gov/static/map/img/dot-solar.svg,Delaware River Solar - Podunk Road,"Trumansburg, NY",2700,,42.466603,-76.6574428
https://der.nyserda.ny.gov/static/map/img/dot-solar.svg,"Delaware River Solar - Route 19, Pike","Pike, NY",9900,,42.5639899,-78.1446961
https://der.nyserda.ny.gov/static/map/img/dot-solar.svg,Delaware River Solar - Telegraph Road,"Pike, NY",7500,,42.5546687,-78.225722
https://der.nyserda.ny.gov/static/map/img/dot-solar.svg,Delaware River Solar - Turner Road,"Lowman, NY",2700,,42.096626,-76.6779069
https://der.nyserda.ny.gov/static/map/img/dot-solar.svg,Delaware River Solar (Woodoak Drive),"Tusten, NY",2700,,41.5915347,-75.0370914
https://der.nyserda.ny.gov/static/map/img/dot-solar.svg,Delaware River Solar 297 Boas Rd,"Mooers Forks, NY",8400,,44.9361669,-73.6742045
https://der.nyserda.ny.gov/static/map/img/dot-solar.svg,Delaware River Solar 309 Hospital Road,"Callicoon, NY",1689,,41.775364,-75.0385948
https://der.nyserda.ny.gov/static/map/img/dot-solar.svg,"Delaware River Solar, LLC","Owego, NY",6300,,42.1936433,-76.2501927
https://der.nyserda.ny.gov/static/map/img/dot-solar.svg,"Delaware River Solar, LLC - 2 Frey Road","Macedon, NY",4400,,43.1198947,-77.3305634
https://der.nyserda.ny.gov/static/map/img/dot-solar.svg,"Delaware River Solar, LLC - 2017 State Highway 17B (#1)","Bethel, NY",6100,,41.6843081,-74.8768714
https://der.nyserda.ny.gov/static/map/img/dot-solar.svg,"Delaware River Solar, LLC - 213067","Mooers, NY",5500,,44.6672696,-75.0912835
https://der.nyserda.ny.gov/static/map/img/dot-solar.svg,"Delaware River Solar, LLC - 2635 Day Hollow Rd","Owego, NY",7100,,42.112746,-76.1790429
https://der.nyserda.ny.gov/static/map/img/dot-solar.svg,"Delaware River Solar, LLC - 3167 State Route 17C","Tioga, NY",6100,,42.0665007,-76.3423402
https://der.nyserda.ny.gov/static/map/img/dot-solar.svg,"Delaware River Solar, LLC - 54 Old Catskill Tpke","Triangle, NY",5300,,42.3397566,-75.9011228
https://der.nyserda.ny.gov/static/map/img/dot-solar.svg,"Delaware River Solar, LLC - 5520 Eddy Ridge Rd","Williamson, NY",3300,,43.201353,-77.2096109
https://der.nyserda.ny.gov/static/map/img/dot-solar.svg,"Delaware River Solar, LLC - 6161 East River Road - PV Systems","Henrietta, NY",6000,,43.0211171,-77.7100226
https://der.nyserda.ny.gov/static/map/img/dot-solar.svg,"Delaware River Solar, LLC - 81469","East Aurora, NY",2800,,42.7670018,-78.5613747
https://der.nyserda.ny.gov/static/map/img/dot-solar.svg,"Delaware River Solar, LLC - County Route 84","Troupsburg, NY",6900,,42.0214859,-77.6347502
https://der.nyserda.ny.gov/static/map/img/dot-solar.svg,"Delaware River Solar, LLC - Harris Rd","Liberty, NY",2600,,41.7722187,-74.7397996
https://der.nyserda.ny.gov/static/map/img/dot-solar.svg,"Delaware River Solar, LLC - Spencer Rd","Candor, NY",7000,,42.232069,-76.3719359
https://der.nyserda.ny.gov/static/map/img/dot-solar.svg,"Delaware River Solar, LLC - State Route 14A","Benton, NY",6900,,42.6329533,-77.04245
https://der.nyserda.ny.gov/static/map/img/dot-solar.svg,"Delaware River Solar, LLC - Wildflower Way","Bath, NY",7000,,42.3606815,-77.3046261
https://der.nyserda.ny.gov/static/map/img/dot-solar.svg,"Delaware River Solar, LLC Dryden Road","Dryden, NY",1739,,42.486531,-76.3230169
https://der.nyserda.ny.gov/static/map/img/dot-solar.svg,"Delaware River Solar, LLC NY 70","Portage, NY",6900,,42.5496738,-77.9727197
https://der.nyserda.ny.gov/static/map/img/dot-solar.svg,"DG New York CS, LLC - 2800 Swett Rd","Ridgeway, NY",3800,,43.279764,-78.3736768
https://der.nyserda.ny.gov/static/map/img/dot-solar.svg,"DG New York CS, LLC - 4025 Carr-Hill Rd","Cortland, NY",7500,,42.6025487,-76.1296726
https://der.nyserda.ny.gov/static/map/img/dot-solar.svg,"DG New York CS, LLC - 5234 Avon E Avon Rd","Avon, NY",7000,,42.9090658,-77.7304806
https://der.nyserda.ny.gov/static/map/img/dot-solar.svg,"DG New York CS, LLC - 6719 Pottery Rd","Warners, NY",4800,,43.0994517,-76.2961144
https://der.nyserda.ny.gov/static/map/img/dot-solar.svg,"DG New York CS, LLC - 7751 E Sorrell Hill Rd","Baldwinsville, NY",7400,,43.1433492,-76.3525533
https://der.nyserda.ny.gov/static/map/img/dot-solar.svg,"DG New York CS, LLC - Brothertown Rd","Waterville, NY",6500,,42.9254431,-75.4227201
https://der.nyserda.ny.gov/static/map/img/dot-solar.svg,"DG New York CS, LLC - Ver Plank Road","Clay, NY",7200,,43.1936937,-76.2121417
https://der.nyserda.ny.gov/static/map/img/dot-solar.svg,"DG New York CS,LLC - 1853 Riley Road","Cortlandville, NY",7500,,42.6064174,-76.1553509
https://der.nyserda.ny.gov/static/map/img/dot-solar.svg,DGNY Jogee Road LLC - 213 Jogee Road,"Middletown, NY",2700,,41.3996411,-74.5029769
https://der.nyserda.ny.gov/static/map/img/dot-solar.svg,Diamond Nyack,"West Nyack, NY",2500,,41.0921345,-73.9832087
https://der.nyserda.ny.gov/static/map/img/dot-solar.svg,Dimension Energy - 9350 Dunkleman Hill Rd,"Otto, NY",7000,,42.3516899,-78.8473449
https://der.nyserda.ny.gov/static/map/img/dot-solar.svg,"Donati Solar, LLC","Seneca Falls, NY",3000,,42.9452485,-76.7964772
https://der.nyserda.ny.gov/static/map/img/dot-solar.svg,Drinkwater Solar - 512 Crum Creek Rd,"Saint Johnsville, NY",3000,,43.0171175,-74.6875283
https://der.nyserda.ny.gov/static/map/img/dot-solar.svg,"Dshinesagain Solar, LLC - 157 Yawger Rd","Horseheads, NY",6700,,42.1657457,-76.9049082
https://der.nyserda.ny.gov/static/map/img/dot-solar.svg,"Dubois Solar, LLC","Pine Bush, NY",3000,,41.601383,-74.2821829
https://der.nyserda.ny.gov/static/map/img/dot-solar.svg,Dutchess County Airport,"Wappinger Falls, NY",2200,,41.6354628,-73.8766533
https://der.nyserda.ny.gov/static/map/img/dot-solar.svg,East Fishkill Solar LLC,"Hopewell Junction, NY",2900,,41.5662891,-73.8360092
https://der.nyserda.ny.gov/static/map/img/dot-solar.svg,Eastern Correctional Facility,"Napanoch, NY",7000,,41.7431927,-74.3698604
https://der.nyserda.ny.gov/static/map/img/dot-solar.svg,EDF Renewables Distributed Solutions Inc. - 5693 CR6,"Oswegatchie, NY",6700,,44.65271,-75.5055729
https://der.nyserda.ny.gov/static/map/img/dot-solar.svg,EDF Renewables Distributed Solutions Inc. - 5704 CR6,"Oswegatchie, NY",6700,,44.653531,-75.4959188
https://der.nyserda.ny.gov/static/map/img/dot-solar.svg,Ellsworth II,"Mechanicville, NY",3100,,42.9002393,-73.7074408
https://der.nyserda.ny.gov/static/map/img/dot-solar.svg,"Ellsworth Solar, LLC","Mechanicville, NY",3100,,42.8987706,-73.7125518
https://der.nyserda.ny.gov/static/map/img/dot-solar.svg,"Elmbrook Solar, LLC - 2191 Brookview Road","Schodack, NY",8300,,42.5544353,-73.7112594
https://der.nyserda.ny.gov/static/map/img/dot-solar.svg,ELP Claverack Solar LLC - 383 NY-9H,"Hudson, NY",7500,,42.247085,-73.7343962
https://der.nyserda.ny.gov/static/map/img/dot-solar.svg,ELP Ghent Solar LLC - 1023 Route 66 - PV Systems,"Ghent, NY",4300,,42.2803914,-73.7117089
https://der.nyserda.ny.gov/static/map/img/dot-solar.svg,ELP Greenport Solar LLC,"Hudson, NY",6700,,42.2383106,-73.7868395
https://der.nyserda.ny.gov/static/map/img/dot-solar.svg,ELP Kinderhook Solar LLC,"Valatie, NY",7500,,42.4651763,-73.6911904
https://der.nyserda.ny.gov/static/map/img/dot-solar.svg,ELP Kipp Solar LLC - 219 Kipp Rd,"Greenport, NY",5000,,42.20384,-73.7869884
https://der.nyserda.ny.gov/static/map/img/dot-solar.svg,ELP Livingston LLC - 3289 Route 9,"Livingston, NY",6300,,42.1694241,-73.7690959
https://der.nyserda.ny.gov/static/map/img/dot-solar.svg,ELP Myer Solar LLC - 18 Warren Myer Road - PV Systems,"Saugerties, NY",3000,,42.0710881,-73.9655899
https://der.nyserda.ny.gov/static/map/img/dot-solar.svg,ELP Saugerties Solar LLC.,"Saugerties, NY",3000,,42.0419353,-74.0768869
https://der.nyserda.ny.gov/static/map/img/dot-solar.svg,ELP Stanford Solar LLC - 6060 Route 82 - PV Systems,"Stanfordville, NY",7500,,41.8659439,-73.7062608
https://der.nyserda.ny.gov/static/map/img/dot-solar.svg,Erie County (Alden) - 11581 Walden Avenue,"Alden, NY",2500,,42.9327075,-78.5599351
https://der.nyserda.ny.gov/static/map/img/dot-solar.svg,"Erin Renewables, LLC - 875 Breesport Road - PV Systems","Erin, NY",2900,,42.174405,-76.7186709
https://der.nyserda.ny.gov/static/map/img/dot-solar.svg,"FFP NY Goshen Project 1, LLC - 444 Big Island Road","Goshen, NY",5100,,41.3306394,-74.4058455
https://der.nyserda.ny.gov/static/map/img/dot-solar.svg,"FFP NY Goshen Project 2, LLC - 279 Maple Ave","Goshen, NY",7100,,41.3743239,-74.3944786
https://der.nyserda.ny.gov/static/map/img/dot-solar.svg,FFP NY Rome Project1 - 7585 NewFloyd Rd,"Rome, NY",6200,,43.205603,-75.3854419
https://der.nyserda.ny.gov/static/map/img/dot-solar.svg,Finney Solar - State Route 67,"Fort Johnson, NY",6500,,42.9793584,-74.2776792
https://der.nyserda.ny.gov/static/map/img/dot-solar.svg,Fogarty - 124 Lybolt Rd,"Middletown, NY",3000,,41.5098043,-74.351777
https://der.nyserda.ny.gov/static/map/img/dot-solar.svg,Fordham University,"Staten Island, NY",2600,,40.5450492,-74.2423067
https://der.nyserda.ny.gov/static/map/img/dot-solar.svg,FPS Coxsackie Solar - 11016 State Route 9W,"Coxsackie, NY",6600,,42.332986,-73.8496729
https://der.nyserda.ny.gov/static/map/img/dot-solar.svg,Frankfort Solar Farm LLC - 2305 Bleecker St.,"Frankfort, NY",4800,,43.0872839,-75.1799953
https://der.nyserda.ny.gov/static/map/img/dot-solar.svg,Franklin County Solid Waste,"Malone, NY",3500,,44.8757265,-74.3113247
https://der.nyserda.ny.gov/static/map/img/dot-solar.svg,Freehold Solar - 9775-9873 State Route 32,"Freehold, NY",3000,,,
https://der.nyserda.ny.gov/static/map/img/dot-solar.svg,Frog Hollow Solar - LLC,"Ellenville, NY",3000,,,
https://der.nyserda.ny.gov/static/map/img/dot-solar.svg,GE Global Research [Amsterdam A],"Amsterdam, NY",3000,,,
https://der.nyserda.ny.gov/static/map/img/dot-solar.svg,GE Global Research [Amsterdam B],"Amsterdam, NY",3000,,42.9546622,-74.2227541
https://der.nyserda.ny.gov/static/map/img/dot-solar.svg,GE Global Research [Broadalbin],"Broadalbin, NY",3000,,43.0615494,-74.1574897
https://der.nyserda.ny.gov/static/map/img/dot-solar.svg,GE Global Research [Delanson A],"Delanson, NY",3000,,42.755859,-74.2124249
https://der.nyserda.ny.gov/static/map/img/dot-solar.svg,GE Global Research [Johnstown A],"Johnstown, NY",3000,,42.9936068,-74.3220881
https://der.nyserda.ny.gov/static/map/img/dot-solar.svg,GE Global Research [Sharon Springs],"Sharon Springs, NY",3000,,42.775105,-74.5697199
https://der.nyserda.ny.gov/static/map/img/dot-solar.svg,GE Solar - 171278,"Glenville, NY",1653,,42.8757502,-73.9113689
https://der.nyserda.ny.gov/static/map/img/dot-solar.svg,GE Solar - 80 Cheltingham Ave - PV Systems,"Schenectady, NY",3500,,42.791258,-73.9589409
https://der.nyserda.ny.gov/static/map/img/dot-solar.svg,GE Solar Anthony Street,"Schenectady, NY",1318,,42.8414297,-73.915756
https://der.nyserda.ny.gov/static/map/img/dot-solar.svg,General Electric,"Schenectady, NY",2300,,42.8205139,-73.9433731
https://der.nyserda.ny.gov/static/map/img/dot-solar.svg,General Electric International Inc. - 165456,"Niskayuna, NY",4600,,42.8351719,-73.9073471
https://der.nyserda.ny.gov/static/map/img/dot-solar.svg,Generate Capital - 50 Barone Road,"Wurtsboro, NY",4000,,41.598477,-74.4646171
https://der.nyserda.ny.gov/static/map/img/dot-solar.svg,Genesee Solar - 392 Curtis Road,"Hilton, NY",5200,,43.3132308,-77.7889256
https://der.nyserda.ny.gov/static/map/img/dot-solar.svg,German Community Solar - 6122 German Rd,"Cincinnatus, NY",7400,,42.489106,-75.8703489
https://der.nyserda.ny.gov/static/map/img/dot-solar.svg,Glenmere,"Goshen, NY",3800,,41.3639956,-74.3699648
https://der.nyserda.ny.gov/static/map/img/dot-solar.svg,Glenville Landfill,"Glenville, NY",7600,,42.8572461,-74.0106735
https://der.nyserda.ny.gov/static/map/img/dot-solar.svg,"Gore Mountain Solar 2, LLC","Whitehall, NY",2800,,43.5417052,-73.3273027
https://der.nyserda.ny.gov/static/map/img/dot-solar.svg,"Goya Foods, Inc","Angola, NY",1342,,42.6289957,-79.0308703
https://der.nyserda.ny.gov/static/map/img/dot-solar.svg,Grabinski Solar,"Walden, NY",3000,,41.5770509,-74.1790071
https://der.nyserda.ny.gov/static/map/img/dot-solar.svg,"Grand Island Solar, LLC","Grand Island, NY",2100,,43.037025,-78.9851179
https://der.nyserda.ny.gov/static/map/img/dot-solar.svg,Greene County - 84 Volunteer Drive,"Cairo, NY",2300,,42.293181,-74.0056798
https://der.nyserda.ny.gov/static/map/img/dot-solar.svg,Greenhaven Correctional Facility,"Stormville, NY",5000,,41.5807467,-73.7217929
https://der.nyserda.ny.gov/static/map/img/dot-solar.svg,"Greenville NY 1, LLC","Port Jervis, NY",2300,,41.3553407,-74.6210088
https://der.nyserda.ny.gov/static/map/img/dot-solar.svg,GSPP 24757 County Road 47,"Carthage, NY",2600,,44.0277308,-75.7198783
https://der.nyserda.ny.gov/static/map/img/dot-solar.svg,GSPP 4643 Twelve Corners Rd,"Auburn, NY",6200,,42.8422662,-76.4481909
https://der.nyserda.ny.gov/static/map/img/dot-solar.svg,GSPP Baxter 1 - 511 Jackson Ave.,"New Windsor, NY",5600,,41.4604841,-74.1136696
https://der.nyserda.ny.gov/static/map/img/dot-solar.svg,"GSPP Baxter 2, LLC - 473 Jackson Ave","New Windsor, NY",4100,,41.4539501,-74.1077424
https://der.nyserda.ny.gov/static/map/img/dot-solar.svg,"GSPP Hillsboro & Dunbar, LLC - 1593 Hillsboro Rd","Camden, NY",3500,,43.3159211,-75.7835105
https://der.nyserda.ny.gov/static/map/img/dot-solar.svg,Guilderland Central School District,"Altamont, NY",3000,,42.723072,-74.0048701
https://der.nyserda.ny.gov/static/map/img/dot-solar.svg,"Hales Mills Solar, LLC - 175352","Johnstown, NY",5700,,43.0163519,-74.3305951
https://der.nyserda.ny.gov/static/map/img/dot-solar.svg,"Hanover PV, LLC - 1321 route 5&20","Silver Creek, NY",6700,,42.5478229,-79.1500398
https://der.nyserda.ny.gov/static/map/img/dot-solar.svg,Haverstraw Stony Point Central School District - Tomkins Cove,"Tomkins Cove, NY",1392,,41.2500859,-73.9944041
https://der.nyserda.ny.gov/static/map/img/dot-solar.svg,Helios Energy New York 15 LLC - 3812 W Lake Rd,"Geneseo, NY",7500,,42.821127,-77.7229708
https://der.nyserda.ny.gov/static/map/img/dot-solar.svg,Helios Energy New York LLC - 980 Redman Rd,"Hamlin, NY",6700,,43.3338282,-77.9583285
https://der.nyserda.ny.gov/static/map/img/dot-solar.svg,Heuvelton Solar LLC - 400 Taylor Rd,"Ogdensburg, NY",6500,,44.6205489,-75.4472019
https://der.nyserda.ny.gov/static/map/img/dot-solar.svg,"HGS Solar 1, LLC","Whitehall, NY",2500,,43.5417052,-73.3273027
https://der.nyserda.ny.gov/static/map/img/dot-solar.svg,High Peaks Solar,"Sandy Creek, NY",3000,,43.635383,-76.0951169
https://der.nyserda.ny.gov/static/map/img/dot-solar.svg,High Peaks Solar - 175124,"Canastota, NY",3900,,43.0877938,-75.7376795
https://der.nyserda.ny.gov/static/map/img/dot-solar.svg,High Peaks Solar - 175125,"Canastota, NY",6000,,43.0803112,-75.7340438
https://der.nyserda.ny.gov/static/map/img/dot-solar.svg,Hobart William Smith Colleges - Gates Road,"Geneva, NY",2600,,42.8633314,-77.0532434
https://der.nyserda.ny.gov/static/map/img/dot-solar.svg,Hobart William Smith Colleges - State Route 14N,"Geneva, NY",2500,,42.9012635,-76.9810575
https://der.nyserda.ny.gov/static/map/img/dot-solar.svg,Hollingsworth and Vose,"Easton, NY",2600,,,
https://der.nyserda.ny.gov/static/map/img/dot-solar.svg,"Hollygrove Solar, LLC","Red Creek, NY",3000,,,
https://der.nyserda.ny.gov/static/map/img/dot-solar.svg,Home Leasing - 5691 Walworth Ontario Rd - PV Systems,"Ontario, NY",2200,,43.2064626,-77.2802872
https://der.nyserda.ny.gov/static/map/img/dot-solar.svg,Hope Solar Farm LLC,"Troy, NY",2900,,42.7272514,-73.6029701
https://der.nyserda.ny.gov/static/map/img/dot-solar.svg,Horseheads Community Solar Farm,"Horseheads, NY",5500,,,
https://der.nyserda.ny.gov/static/map/img/dot-solar.svg,Houghton College,"Houghton, NY",2600,,,
https://der.nyserda.ny.gov/static/map/img/dot-solar.svg,Howell Solar,"Middletown, NY",3000,,,
https://der.nyserda.ny.gov/static/map/img/dot-solar.svg,"Howland Solar, LLC","Sandy Creek, NY",3000,,43.6346262,-76.0909627
https://der.nyserda.ny.gov/static/map/img/dot-solar.svg,"Hubbs Road Solar, LLC - 413 Schauber Rd - PV Systems","Ballston Lake, NY",6100,,42.9152286,-73.8627601
https://der.nyserda.ny.gov/static/map/img/dot-solar.svg,Hudson City School District,"Hudson, NY",1221,,42.2600524,-73.7756253
https://der.nyserda.ny.gov/static/map/img/dot-solar.svg,"Hume - Wiscoy Solar I, LLC","Hume, NY",6200,,42.5070522,-78.1076271
https://der.nyserda.ny.gov/static/map/img/dot-solar.svg,"Hume - Wiscoy Solar II, LLC","Hume, NY",6800,,42.5070522,-78.1076271
https://der.nyserda.ny.gov/static/map/img/dot-solar.svg,Iron Mountain Info - 694 Binnewater Rd Main,"Rosendale, NY",1555,,41.8506392,-74.0905835
https://der.nyserda.ny.gov/static/map/img/dot-solar.svg,Ithaca College,"Geneva, NY",2900,,42.8155682,-77.0490886
https://der.nyserda.ny.gov/static/map/img/dot-solar.svg,"Janiak Solar, LLC - 1260 Mountain Rd","Port Jervis, NY",3000,,41.407576,-74.5908995
https://der.nyserda.ny.gov/static/map/img/dot-solar.svg,Jefferson-Lewis BOCES,"Watertown, NY",2600,,43.9707252,-75.9720722
https://der.nyserda.ny.gov/static/map/img/dot-solar.svg,Jetro Cash and Carry,"Bronx, NY",1557,,40.8082899,-73.900777
https://der.nyserda.ny.gov/static/map/img/dot-solar.svg,Jetro Port Chester,"Port Chester, NY",1105,,40.9971461,-73.6760177
https://der.nyserda.ny.gov/static/map/img/dot-solar.svg,"Johnstown 2 Solar, LLC","Gloversville, NY",2700,,43.043497,-74.3784449
https://der.nyserda.ny.gov/static/map/img/dot-solar.svg,"Johnstown Solar 1, LLC","Gloversville, NY",4400,,43.072385,-74.3247709
https://der.nyserda.ny.gov/static/map/img/dot-solar.svg,Kelly Bridge - NY Liberty I - 83 Kelly Bridge Road,"Liberty, NY",2800,,41.8469196,-74.3664151
https://der.nyserda.ny.gov/static/map/img/dot-solar.svg,Lake Breeze Fruit Farm,"Sodus, NY",1080,,43.2711093,-77.0893472
https://der.nyserda.ny.gov/static/map/img/dot-solar.svg,Lamphear Road - Rome Steel Solar,"Rome, NY",2800,,43.1857652,-75.4816042
https://der.nyserda.ny.gov/static/map/img/dot-solar.svg,Landau II - 2986 - 3040 Route 32,"Kingston, NY",6000,,41.899751,-74.0311849
https://der.nyserda.ny.gov/static/map/img/dot-solar.svg,Landau Solar - 2986-3040 Route 32 - PV Systems,"Kingston, NY",3000,,41.868235,-74.1392223
https://der.nyserda.ny.gov/static/map/img/dot-solar.svg,"Lansing Renewables, LLC","Lansing, NY",6800,,42.592511,-76.5682019
https://der.nyserda.ny.gov/static/map/img/dot-solar.svg,"Lapeer Cortland Solar, LLC - 2160 Harvey Hill","Marathon, NY",7500,,42.4557985,-76.1330392
https://der.nyserda.ny.gov/static/map/img/dot-solar.svg,"Lapeer Cortland Solar, LLC - 2162 Harvey Hill","Marathon, NY",7500,,42.4560484,-76.1337572
https://der.nyserda.ny.gov/static/map/img/dot-solar.svg,"Lapeer Cortland Solar, LLC - 2223 Clarks Corners","Marathon, NY",7500,,42.4447068,-76.1326919
https://der.nyserda.ny.gov/static/map/img/dot-solar.svg,Lenox Renewables LLC - 7837 North Main Street - PV Systems,"Canastota, NY",4200,,43.1159847,-75.7880897
https://der.nyserda.ny.gov/static/map/img/dot-solar.svg,Letchworth CSD,"Gainesville, NY",1610,,42.628638,-78.11827
https://der.nyserda.ny.gov/static/map/img/dot-solar.svg,Lewis Custom Homes Inc. - 4534 Route 233,"Clinton, NY",2700,,43.0814525,-75.3950224
https://der.nyserda.ny.gov/static/map/img/dot-solar.svg,"Little Falls Solar, LLC","Little Falls, NY",3000,,43.055433,-74.8628619
https://der.nyserda.ny.gov/static/map/img/dot-solar.svg,"Little Falls Solar, LLC - 187870","Little Falls, NY",2900,,43.0834994,-74.9898784
https://der.nyserda.ny.gov/static/map/img/dot-solar.svg,Livingston 4 Solar,"Caledonia, NY",2800,,42.9198866,-77.7667974
https://der.nyserda.ny.gov/static/map/img/dot-solar.svg,Lockenhurst Pond Solar LLC - 96 Langlitz Road,"Minisink, NY",2800,,41.337084,-74.5576359
https://der.nyserda.ny.gov/static/map/img/dot-solar.svg,Locust Solar LLC - 22 Locus Avenue,"Cortland, NY",6700,,42.6138962,-76.1694629
https://der.nyserda.ny.gov/static/map/img/dot-solar.svg,Lodestar Energy - 170 Buck Rd,"Nichols, NY",5600,,42.0644985,-76.3138704
https://der.nyserda.ny.gov/static/map/img/dot-solar.svg,Lodestar Energy - 260 Hunt Creek Rd,"Nichols, NY",5200,,42.051988,-76.3205339
https://der.nyserda.ny.gov/static/map/img/dot-solar.svg,Lodestar Energy - 4201 East River Rd,"Walton, NY",3400,,42.1576481,-75.0476605
https://der.nyserda.ny.gov/static/map/img/dot-solar.svg,Lodestar Energy - County Road 16,"Beaver Dams, NY",7500,,42.2751519,-77.0964258
https://der.nyserda.ny.gov/static/map/img/dot-solar.svg,Lower Road II LLC - 366 County Road 12,"New Hampton, NY",2800,,41.3369419,-74.4865908
https://der.nyserda.ny.gov/static/map/img/dot-solar.svg,Lower Road III LLC - 310 County Road 12,"New Hampton, NY",2800,,41.3345009,-74.4889112
https://der.nyserda.ny.gov/static/map/img/dot-solar.svg,"LR Wheatfield Solar 1, LLC - 166748","Sanborn, NY",6300,,43.127498,-78.9164309
https://der.nyserda.ny.gov/static/map/img/dot-solar.svg,LSE Pegasus LLC - 209587,"Tioga, NY",7400,,42.1271359,-76.4144317
https://der.nyserda.ny.gov/static/map/img/dot-solar.svg,Madison County,"Canastota, NY",2400,,43.0339721,-75.7074849
https://der.nyserda.ny.gov/static/map/img/dot-solar.svg,"Madrid Solar 1, LLC - 658 Couty Route 31","Madrid, NY",6700,,44.7503826,-75.151722
https://der.nyserda.ny.gov/static/map/img/dot-solar.svg,Madrid Solar 2 - 68 Brady Road,"Madrid, NY",2500,,44.7747573,-75.1741142
https://der.nyserda.ny.gov/static/map/img/dot-solar.svg,Maine Endwell Central School District - 2661 NY26,"Maine, NY",4000,,42.198875,-76.0650239
https://der.nyserda.ny.gov/static/map/img/dot-solar.svg,Manhattan Beer Distributor,"Bronx, NY",1059,,40.8056243,-73.9047485
https://der.nyserda.ny.gov/static/map/img/dot-solar.svg,Manhattanville College,"Purchase, NY",1085,,41.0322309,-73.7212097
https://der.nyserda.ny.gov/static/map/img/dot-solar.svg,"Marlborough Solar, LLC - 132 Milton Turnpike","Milton, NY",2700,,41.6638921,-73.9722396
https://der.nyserda.ny.gov/static/map/img/dot-solar.svg,"Matrix Solar OC Newburgh Route 17 K, LLC - 108 NY17K - PV Systems","Newburgh, NY",5800,,41.5106995,-74.0827743
https://der.nyserda.ny.gov/static/map/img/dot-solar.svg,"McCarthy Solar, LLC - 48-76 Round Hill Rd - PV Systems","Blooming Grove, NY",3000,,41.3954413,-74.1736272
https://der.nyserda.ny.gov/static/map/img/dot-solar.svg,Mecklenburg Solar,"Ithaca, NY",2300,,42.452506,-76.5968774
https://der.nyserda.ny.gov/static/map/img/dot-solar.svg,"Medline Industries, Inc. - 506 NY-416","Montgomery, NY",7200,,41.5021354,-74.2530269
https://der.nyserda.ny.gov/static/map/img/dot-solar.svg,"Medusa NY 1, LLC - 626 County Route 351 - PV Systems","Medusa, NY",2800,,42.4723959,-74.1029374
https://der.nyserda.ny.gov/static/map/img/dot-solar.svg,Mendon Renewables - 632 Quaker Meeting House Road,"Honeoye Falls, NY",6500,,42.9484264,-77.5764821
https://der.nyserda.ny.gov/static/map/img/dot-solar.svg,"Middletown NY 1, LLC","Middletown, NY",2800,,41.4097874,-74.5159215
https://der.nyserda.ny.gov/static/map/img/dot-solar.svg,"Middletown NY 2, LLC","Middletown, NY",1116,,41.4125339,-74.5135961
https://der.nyserda.ny.gov/static/map/img/dot-solar.svg,Millbrook School,"Millbrook, NY",1730,,41.8566498,-73.6229427
https://der.nyserda.ny.gov/static/map/img/dot-solar.svg,Miller Road Solar Project LLC,"Schenectady, NY",2700,,42.734234,-73.9685457
https://der.nyserda.ny.gov/static/map/img/dot-solar.svg,Minisink Solar - 1718 County Route 1,"Minisink, NY",5300,,41.320901,-74.5188285
https://der.nyserda.ny.gov/static/map/img/dot-solar.svg,Minisink Solar LLC - 47 Cranston Rd - PV System,"Westtown, NY",1404,,41.3524814,-74.5172225
https://der.nyserda.ny.gov/static/map/img/dot-solar.svg,Mohawk Valley Solar,"Rome, NY",3000,,43.1829435,-75.4904062
https://der.nyserda.ny.gov/static/map/img/dot-solar.svg,Mohawk View Solar LLC - 709 Van Epps,"Fultonville, NY",7400,,42.9374432,-74.3771592
https://der.nyserda.ny.gov/static/map/img/dot-solar.svg,Mohonasen CSD,"Schenectady, NY",1534,,42.7675927,-73.9582654
https://der.nyserda.ny.gov/static/map/img/dot-solar.svg,Monroe County A,"Webster, NY",2400,,43.224839,-77.9958288
https://der.nyserda.ny.gov/static/map/img/dot-solar.svg,Monroe County B,"Webster, NY",2400,,43.224839,-77.9958288
https://der.nyserda.ny.gov/static/map/img/dot-solar.svg,Monroe County C,"Hilton, NY",2900,,43.224839,-77.9958288
https://der.nyserda.ny.gov/static/map/img/dot-solar.svg,Monroe County D,"Hilton, NY",2900,,43.224839,-77.9958288
https://der.nyserda.ny.gov/static/map/img/dot-solar.svg,Monroe County E,"Hilton, NY",2800,,43.224839,-77.9958288
https://der.nyserda.ny.gov/static/map/img/dot-solar.svg,Monroe County Water Authority - 2842 Penfield Rd,"Penfield, NY",6100,,43.135593,-77.3834639
https://der.nyserda.ny.gov/static/map/img/dot-solar.svg,"Morristown Solar II, LLC - 245127","Brier Hill, NY",7000,,44.5346841,-75.6673734
https://der.nyserda.ny.gov/static/map/img/dot-solar.svg,Mount Hope Solar 1 (East),"Middletown, NY",2800,,41.4627539,-74.5022469
https://der.nyserda.ny.gov/static/map/img/dot-solar.svg,Mount Hope Solar 2 (West),"Middletown, NY",2800,,41.4627539,-74.5022469
https://der.nyserda.ny.gov/static/map/img/dot-solar.svg,Mt. Kisco,"Mount Kisco, NY",1939,,41.1967119,-73.7381684
https://der.nyserda.ny.gov/static/map/img/dot-solar.svg,"Mt. Morris - Creek & Hendershot Solar I, LLC","Mt. Morris, NY",6600,,42.706396,-77.8946629
https://der.nyserda.ny.gov/static/map/img/dot-solar.svg,"Mt. Morris - Creek & Hendershot Solar II, LLC","Mt. Morris, NY",1830,,42.706396,-77.8946629
https://der.nyserda.ny.gov/static/map/img/dot-solar.svg,"Mt. Morris - Creek Solar, LLC","Mt. Morris, NY",6500,,42.7094915,-77.8862289
https://der.nyserda.ny.gov/static/map/img/dot-solar.svg,"Mt. Morris - Nunda Solar, LLC","Mt. Morris, NY",6500,,42.699488,-77.9073638
https://der.nyserda.ny.gov/static/map/img/dot-solar.svg,National Solar Technologies - 4293 Broadway,"Depew, NY",7300,,42.903311,-78.7164597
https://der.nyserda.ny.gov/static/map/img/dot-solar.svg,"New Beginnings Solar, LLC","Kingston, NY",3000,,41.8951519,-74.1007653
https://der.nyserda.ny.gov/static/map/img/dot-solar.svg,New Leaf Energy Inc. - 205 Altamont Rd,"Voorheesville, NY",5700,,42.653837,-73.9632739
https://der.nyserda.ny.gov/static/map/img/dot-solar.svg,New York Departmen - Greene 11260 U.S. 9W,"Coxsackie, NY",7000,,42.3494394,-73.8277675
https://der.nyserda.ny.gov/static/map/img/dot-solar.svg,New York Departmen - Wende Creekview Drive - PV Systems,"Alden, NY",7000,,42.9316528,-78.5486856
https://der.nyserda.ny.gov/static/map/img/dot-solar.svg,New York Department - Midstate - PV Systems,"Marcy, NY",5000,,43.1674764,-75.3095765
https://der.nyserda.ny.gov/static/map/img/dot-solar.svg,Newfield Community Solar Farm,"Newfield, NY",5500,,42.385081,-76.5964669
https://der.nyserda.ny.gov/static/map/img/dot-solar.svg,"Nexamp Solar, LLC","Wappingers Falls, NY",5200,,41.5651206,-73.9400864
https://der.nyserda.ny.gov/static/map/img/dot-solar.svg,"Niagara Depot Solar, LLC - 7105 Lockport Rd","Niagara Falls, NY",4300,,43.121517,-78.9861608
https://der.nyserda.ny.gov/static/map/img/dot-solar.svg,NOCO Electric LLC - 1585 Tower Rd,"Cortlandville, NY",4100,,42.5539561,-76.1730002
https://der.nyserda.ny.gov/static/map/img/dot-solar.svg,NOCO Electric LLC - 246 Van Antwerp Rd,"Johnstown, NY",2500,,42.9851005,-74.3346095
https://der.nyserda.ny.gov/static/map/img/dot-solar.svg,"Norstar Solar, LLC","Rome, NY",2700,,43.2747658,-75.5710658
https://der.nyserda.ny.gov/static/map/img/dot-solar.svg,Northern Adirondack CSD - 5572 Route 11,"Ellenburg Center, NY",1656,,44.8947065,-73.8449426
https://der.nyserda.ny.gov/static/map/img/dot-solar.svg,Norwich,"Norwich, NY",7500,,42.5334489,-75.5449808
https://der.nyserda.ny.gov/static/map/img/dot-solar.svg,Novis Renewables - 40 Spring Street,"Union Springs, NY",7500,,42.8442144,-76.6870031
https://der.nyserda.ny.gov/static/map/img/dot-solar.svg,Novis Renewables - 8574 Green Lakes Rd,"Fayetteville, NY",7400,,43.0549757,-75.9379858
https://der.nyserda.ny.gov/static/map/img/dot-solar.svg,Novis Renewables - 963 Spring Street,"Union Springs, NY",7500,,42.8466457,-76.6784647
https://der.nyserda.ny.gov/static/map/img/dot-solar.svg,Novis Renewables LLC - 5062 N Eagle Village Rd - PV Systems,"Manlius, NY",7500,,43.0205658,-75.9585603
https://der.nyserda.ny.gov/static/map/img/dot-solar.svg,Novis Renewables LLC - 5785 Judd Rd,"Oriskany, NY",7500,,43.142008,-75.354575
https://der.nyserda.ny.gov/static/map/img/dot-solar.svg,NSF Aurelius Sites - 2023 W. Genesee Street Road,"Auburn, NY",6700,,42.9178369,-76.6088431
https://der.nyserda.ny.gov/static/map/img/dot-solar.svg,"NSF Chaumont Site 1, LLC - 28160 County Route 179 - PV Systems","Chaumont, NY",7700,,44.1047852,-76.1032179
https://der.nyserda.ny.gov/static/map/img/dot-solar.svg,"NSF Chaumont Site 2, LLC - 28156 County Route 179 - PV System","Chaumont, NY",7700,,44.0836172,-76.132848
https://der.nyserda.ny.gov/static/map/img/dot-solar.svg,"NSF Chaumont Site 3, LLC - 28050 County Route 179 PV Systems","Chaumont, NY",7700,,44.1047852,-76.1032179
https://der.nyserda.ny.gov/static/map/img/dot-solar.svg,"NSF Chaumont Site 4, LLC - 27944 County Route 179- PV Systems","Chaumont, NY",7100,,44.1047852,-76.1032179
https://der.nyserda.ny.gov/static/map/img/dot-solar.svg,"NSF Chaumont Site 5, LLC - 27940 County Route 179- PV Systems","Chaumont, NY",4700,,44.0869293,-76.1532865
https://der.nyserda.ny.gov/static/map/img/dot-solar.svg,"NSF Parma Site 2, LLC - 1682 Hilton Parma Corners Rd - PV Systems","Spencerport, NY",6200,,43.2271165,-77.7944033
https://der.nyserda.ny.gov/static/map/img/dot-solar.svg,"NY Afton I, LLC - 271 County Road 17","Afton, NY",4500,,42.279865,-75.5445362
https://der.nyserda.ny.gov/static/map/img/dot-solar.svg,NY Dix 1 LLC - 2627 County Road 16 - PV Systems,"Watkins Glen, NY",5100,,42.3471403,-76.9380795
https://der.nyserda.ny.gov/static/map/img/dot-solar.svg,"NY Ontario I, LLC - 6686 Furnace Road","Ontario, NY",4000,,43.2407788,-77.277201
https://der.nyserda.ny.gov/static/map/img/dot-solar.svg,"NY Orange I, LLC - 2100 County Road 16","Orange, NY",2900,,42.3480977,-76.9731706
https://der.nyserda.ny.gov/static/map/img/dot-solar.svg,"NY Plattsburgh I, LLC - 6106 Route 22 - PV Systems","Plattsburgh, NY",5000,,44.7245931,-73.4705957
https://der.nyserda.ny.gov/static/map/img/dot-solar.svg,"NY Rushford I, LLC - 9475 Podunque Road","Rushford, NY",6800,,42.756612,-78.6074575
https://der.nyserda.ny.gov/static/map/img/dot-solar.svg,NYS Parks Tobin II,"La Grange, NY",2100,,41.6896,-73.8108739
https://der.nyserda.ny.gov/static/map/img/dot-solar.svg,Ogdensburg Bridge and Port Authority,"Lisbon, NY",1206,,44.7202356,-75.4200885
https://der.nyserda.ny.gov/static/map/img/dot-solar.svg,Olean General Hospital,"Olean, NY",1996,,42.0917947,-78.4429785
https://der.nyserda.ny.gov/static/map/img/dot-solar.svg,Omni Navitas Holdings .LLC. - 4575 State Route 69 - PV Systems,"Taberg, NY",5900,,43.2821857,-75.5872289
https://der.nyserda.ny.gov/static/map/img/dot-solar.svg,Omni Navitas Holdings LLC - 1616 County Route 12,"Central Square, NY",4200,,43.2746625,-76.1964294
https://der.nyserda.ny.gov/static/map/img/dot-solar.svg,"Omni Navitas Holdings, LLC - 126 Little Bow Rd- South","Gouverneur, NY",6500,,44.3449896,-75.4886216
https://der.nyserda.ny.gov/static/map/img/dot-solar.svg,"Omni Navitas Holdings, LLC - 1497 County Route 31 - PV Systems","Lisbon, NY",3400,,44.7272816,-75.3416462
https://der.nyserda.ny.gov/static/map/img/dot-solar.svg,"Omni Navitas Holdings, LLC - 2495 Lewis Road","Wellsville, NY",6800,,42.110149,-77.8708689
https://der.nyserda.ny.gov/static/map/img/dot-solar.svg,"Omni Navitas Holdings, LLC - 3356 Sentinel Heights Rd","Lafayette, NY",4700,,42.934759,-76.1114689
https://der.nyserda.ny.gov/static/map/img/dot-solar.svg,"Omni Navitas Holdings, LLC - 7024 Fox Rd","Marcy, NY",6800,,43.200586,-75.2606589
https://der.nyserda.ny.gov/static/map/img/dot-solar.svg,Omni Navitas MapsESNY LLC - 129 Cream St - PV Systems,"Hyde Park, NY",4700,,41.776264,-73.8785439
https://der.nyserda.ny.gov/static/map/img/dot-solar.svg,Omni Navitas MapsESNY LLC - 1436 Route 9G - PV Systems,"Hyde Park, NY",2400,,41.8074217,-73.903828
https://der.nyserda.ny.gov/static/map/img/dot-solar.svg,Oneida County DPW,"Oriskany, NY",1993,,43.1317842,-75.3804872
https://der.nyserda.ny.gov/static/map/img/dot-solar.svg,Oneida Herkimer Solid Waste Authority,"Rome, NY",1092,,43.2053579,-75.3984909
https://der.nyserda.ny.gov/static/map/img/dot-solar.svg,Oneida South,"Rome, NY",2600,,43.1685948,-75.4061863
https://der.nyserda.ny.gov/static/map/img/dot-solar.svg,Oneida West,"Rome, NY",2600,,43.1648923,-75.3937096
https://der.nyserda.ny.gov/static/map/img/dot-solar.svg,Onondaga County - Clearwater WWTP,"Oswego, NY",2400,,43.4310653,-76.5240727
https://der.nyserda.ny.gov/static/map/img/dot-solar.svg,Onondaga County - Metro Water Board,"Clay, NY",1362,,43.1843967,-76.2293173
https://der.nyserda.ny.gov/static/map/img/dot-solar.svg,Onondaga County Jamesville Penitentiary,"Jamesville, NY",2500,,42.9882011,-76.0637359
https://der.nyserda.ny.gov/static/map/img/dot-solar.svg,Onondaga County Oak Orchard WWTP - 4300 Oak Orchard Road,"Clay, NY",2500,,43.201911,-76.2126229
https://der.nyserda.ny.gov/static/map/img/dot-solar.svg,Orange County DPW,"Goshen, NY",2100,,41.4049515,-74.3618721
https://der.nyserda.ny.gov/static/map/img/dot-solar.svg,ORDA/Whiteface Mountain,"Champlain, NY",2700,,44.9859617,-73.4176242
https://der.nyserda.ny.gov/static/map/img/dot-solar.svg,Orphan Farm NYS P - Orphan Farm Road - PV Systems,"Copake Falls, NY",1247,,42.1350489,-73.526177
https://der.nyserda.ny.gov/static/map/img/dot-solar.svg,Oswego County Fulton,"Fulton, NY",2500,,43.3424483,-76.3458586
https://der.nyserda.ny.gov/static/map/img/dot-solar.svg,Otsego County Gravel Pit,"Laurens, NY",1115,,42.593201,-75.0652518
https://der.nyserda.ny.gov/static/map/img/dot-solar.svg,Owens Corning,"Bethlehem, NY",2700,,42.5857285,-73.8745681
https://der.nyserda.ny.gov/static/map/img/dot-solar.svg,"Owlville Creek Solar 2, LLC","Canastota, NY",6500,,43.0869927,-75.7812371
https://der.nyserda.ny.gov/static/map/img/dot-solar.svg,"Owlville Creek Solar, LLC","Canastota, NY",6700,,43.0770489,-75.7875671
https://der.nyserda.ny.gov/static/map/img/dot-solar.svg,OYA 2643 Moore Road,"Lewiston, NY",7000,,43.2131482,-78.9064096
https://der.nyserda.ny.gov/static/map/img/dot-solar.svg,OYA Blanchard Road,"Clayton, NY",7600,,44.2514896,-76.0131044
https://der.nyserda.ny.gov/static/map/img/dot-solar.svg,OYA Blanchard Road 2,"Clayton, NY",7600,,44.252524,-76.00656
https://der.nyserda.ny.gov/static/map/img/dot-solar.svg,OYA Church Road A - 1671 Church Road,"Lysander, NY",6700,,43.190913,-76.3922589
https://der.nyserda.ny.gov/static/map/img/dot-solar.svg,OYA Great Lakes Seaway,"Clayton, NY",7600,,44.2542339,-76.014434
https://der.nyserda.ny.gov/static/map/img/dot-solar.svg,OYA Main Street - 2575 Main St.,"York, NY",6600,,42.8766915,-77.8832607
https://der.nyserda.ny.gov/static/map/img/dot-solar.svg,OYA NYS Route 12,"Clayton, NY",7600,,44.2546707,-76.0135267
https://der.nyserda.ny.gov/static/map/img/dot-solar.svg,OYA Pulaski LLC - 7681 State Route 3,"Pulaski, NY",4800,,43.5831781,-76.1802462
https://der.nyserda.ny.gov/static/map/img/dot-solar.svg,OYA ROBINSON ROAD LLC - 18600 Robinson Rd,"Orleans, NY",6700,,44.2596435,-76.0040072
https://der.nyserda.ny.gov/static/map/img/dot-solar.svg,OYA State Route 122 LLC - 1436 State Route 122 - PV Systems,"Constable, NY",6800,,44.9297118,-74.2717666
https://der.nyserda.ny.gov/static/map/img/dot-solar.svg,OYA Wayside Drive LLC - 22421 Wayside Dr,"Watertown, NY",6700,,44.0138879,-75.9263416
https://der.nyserda.ny.gov/static/map/img/dot-solar.svg,"Pamelia Solar, LLC - 25731 CR32","Pamelia, NY",6800,,44.0408245,-75.8762044
https://der.nyserda.ny.gov/static/map/img/dot-solar.svg,PatterSun Solar 1.3,"Patterson, NY",1369,,41.4949523,-73.6108221
https://der.nyserda.ny.gov/static/map/img/dot-solar.svg,"Pearl Solar II, LLC","Batavia, NY",3000,,42.9820676,-78.2932362
https://der.nyserda.ny.gov/static/map/img/dot-solar.svg,"Pearl Solar, LLC","Batavia, NY",3000,,42.9815861,-78.2920355
https://der.nyserda.ny.gov/static/map/img/dot-solar.svg,Pendleton Solar 1 PV - 178542,"Lockport, NY",6100,,43.0971008,-78.7564178
https://der.nyserda.ny.gov/static/map/img/dot-solar.svg,Penn Yan Solar I LLC - 511 Hansen Point Rd,"Penn Yan, NY",7200,,42.6595639,-76.944047
https://der.nyserda.ny.gov/static/map/img/dot-solar.svg,Pep Boys Chester,"Chester, NY",2000,,41.3473905,-74.2921056
https://der.nyserda.ny.gov/static/map/img/dot-solar.svg,Pepsi Cola Bottling LLC - 9801 Avenue D,"Brooklyn, NY",1068,,40.650885,-73.9096029
https://der.nyserda.ny.gov/static/map/img/dot-solar.svg,"Peterboro Road Solar, LLC - 4290 Peterboro","Vernon, NY",5500,,43.0672295,-75.5504171
https://der.nyserda.ny.gov/static/map/img/dot-solar.svg,Pivot Solar NY 1 LLC - 33 Commerce Dr,"Ticonderoga, NY",6500,,43.8615445,-73.4481191
https://der.nyserda.ny.gov/static/map/img/dot-solar.svg,Pivot Solar NY 9 LLC - 1490 State Route 9N,"Ticonderoga, NY",6600,,43.8790047,-73.4514658
https://der.nyserda.ny.gov/static/map/img/dot-solar.svg,Pool Brook - NY Laurens I - 149 Pool Brook Rd,"Laurens, NY",2700,,42.5577526,-75.091319
https://der.nyserda.ny.gov/static/map/img/dot-solar.svg,Port Jervis Solar,"Port Jervis, NY",1310,,41.3872519,-74.6793319
https://der.nyserda.ny.gov/static/map/img/dot-solar.svg,Potsdam Community Solar - 74 Lawrence Ave,"Potsdam, NY",5600,,44.6802213,-74.9750815
https://der.nyserda.ny.gov/static/map/img/dot-solar.svg,Pratt Industries,"Staten Island, NY",1405,,40.5882987,-74.2043849
https://der.nyserda.ny.gov/static/map/img/dot-solar.svg,Praxair - 8169 Bank Street Road,"Batavia, NY",2800,,43.017479,-78.1629565
https://der.nyserda.ny.gov/static/map/img/dot-solar.svg,Presidents Container Group Solar Project,"Middletown, NY",2100,,41.4590425,-74.3565569
https://der.nyserda.ny.gov/static/map/img/dot-solar.svg,Prowind Renewables - West River Road,"Olean, NY",6900,,42.0684943,-78.482967
https://der.nyserda.ny.gov/static/map/img/dot-solar.svg,Quiet Meadows Solar Farm 1 - 4435 Stoney Brook Rd,"Verona, NY",5800,,43.0955282,-75.6053688
https://der.nyserda.ny.gov/static/map/img/dot-solar.svg,Quiet Meadows Solar Farm 2 - 4426 Sholtz Road,"Oneida, NY",7500,,43.088842,-75.597536
https://der.nyserda.ny.gov/static/map/img/dot-solar.svg,"Randall Road Solar I, LLC - 831 Randall Rd","Ballston Spa, NY",4400,,42.97558,-73.9296119
https://der.nyserda.ny.gov/static/map/img/dot-solar.svg,"Randall Road Solar II, LLC - 810-818 Randall Rd","Ballston Spa, NY",2700,,42.9760654,-73.9285628
https://der.nyserda.ny.gov/static/map/img/dot-solar.svg,"Ransomville Solar 1, LLC","Lewiston, NY",5200,,43.200539,-78.9509949
https://der.nyserda.ny.gov/static/map/img/dot-solar.svg,"Red Hook CSA, LLC","Red Hook, NY",2400,,41.9894634,-73.879262
https://der.nyserda.ny.gov/static/map/img/dot-solar.svg,"Regeneron Pharmaceuticals, Inc.","Sleepy Hollow, NY",1025,,41.114966,-73.8646459
https://der.nyserda.ny.gov/static/map/img/dot-solar.svg,"Reisender Solar, LLC","Ellenville, NY",3000,,41.7438628,-74.5165223
https://der.nyserda.ny.gov/static/map/img/dot-solar.svg,"Renewable Properties, LLC - 9071 Alexander Road","Batavia, NY",2100,,42.9747808,-78.2061273
https://der.nyserda.ny.gov/static/map/img/dot-solar.svg,"Renewable Properties, LLC - 9183 Alexander Road","Batavia, NY",3700,,42.9685604,-78.2157282
https://der.nyserda.ny.gov/static/map/img/dot-solar.svg,Riley Road Windsor LLC,"New Windsor, NY",2800,,41.4742816,-74.0816428
https://der.nyserda.ny.gov/static/map/img/dot-solar.svg,Riley Road Windsor LLC,"New Windsor, NY",2800,,41.4742816,-74.0816428
https://der.nyserda.ny.gov/static/map/img/dot-solar.svg,Rochester Institute of Technology (RIT),"Rochester, NY",4700,,43.0846724,-77.6779302
https://der.nyserda.ny.gov/static/map/img/dot-solar.svg,"Rosemond Solar, LLC","Woodridge, NY",3000,,41.7120849,-74.5504975
https://der.nyserda.ny.gov/static/map/img/dot-solar.svg,"RRH Parma Solar 1, LLC","Spencerport, NY",5500,,43.2271165,-77.7944033
https://der.nyserda.ny.gov/static/map/img/dot-solar.svg,S Centerville Rd,"Middletown, NY",3200,,41.389935,-74.5225419
https://der.nyserda.ny.gov/static/map/img/dot-solar.svg,Sackett Lake 1 - NY Thompson I - 585 South Maplewood Rd,"Thompson, NY",2800,,41.6399448,-74.7355852
https://der.nyserda.ny.gov/static/map/img/dot-solar.svg,Sackett Lake 2 - Delaware River Solar,"Monticello, NY",2400,,41.6378044,-74.7359194
https://der.nyserda.ny.gov/static/map/img/dot-solar.svg,"Salmon River Renewables, LLC - 2361 SR11B","Bangor, NY",4600,,44.8084906,-74.4177841
https://der.nyserda.ny.gov/static/map/img/dot-solar.svg,"Salt Point Solar, LLC","Poughkeepsie, NY",3000,,41.7423073,-73.8836996
https://der.nyserda.ny.gov/static/map/img/dot-solar.svg,"Sangolqui Solar, LLC - Route 318 - PV Systems","Seneca Falls, NY",2900,,42.948054,-76.7842214
https://der.nyserda.ny.gov/static/map/img/dot-solar.svg,"Saratoga Solar II, LLC","Middle Grove, NY",6500,,43.074983,-73.8906579
https://der.nyserda.ny.gov/static/map/img/dot-solar.svg,Saratoga Solar IV - 781 Route 29,"Rock City Falls, NY",4200,,43.0688875,-73.9259963
https://der.nyserda.ny.gov/static/map/img/dot-solar.svg,"Saratoga Solar, LLC","Middle Grove, NY",6300,,43.0730602,-73.9061478
https://der.nyserda.ny.gov/static/map/img/dot-solar.svg,Saratoga Springs - Weibel Avenue,"Saratoga Springs, NY",2600,,43.0895494,-73.7467435
https://der.nyserda.ny.gov/static/map/img/dot-solar.svg,Saturn Power Corporation - 117 Tiffany Road,"Norwich, NY",6400,,42.5566154,-75.5310978
https://der.nyserda.ny.gov/static/map/img/dot-solar.svg,Saturn Power Corporation - 2849 Albright Road,"Ransomville, NY",5900,,43.1882529,-78.8962123
https://der.nyserda.ny.gov/static/map/img/dot-solar.svg,Saturn Power Corporation - 7484 4th Section Rd,"Brockport, NY",4600,,43.198079,-77.9906529
https://der.nyserda.ny.gov/static/map/img/dot-solar.svg,Seneca Lake Solar LLC,"Geneva, NY",3100,,42.8915603,-76.9965567
https://der.nyserda.ny.gov/static/map/img/dot-solar.svg,Seneca Nation of Indians,"Randolph, NY",1906,,42.0950925,-78.8922843
https://der.nyserda.ny.gov/static/map/img/dot-solar.svg,Seneca Solar Farm - Route 14A,"Geneva, NY",5200,,42.8155682,-77.0490886
https://der.nyserda.ny.gov/static/map/img/dot-solar.svg,Shawangunk Community Solar Farm,"Shawangunk, NY",2500,,41.6183522,-74.3228137
https://der.nyserda.ny.gov/static/map/img/dot-solar.svg,"Silver Creek Solar, LLC - 2444 Chapin Road - PV Systems","Silver Creek, NY",7500,,42.520078,-79.2240419
https://der.nyserda.ny.gov/static/map/img/dot-solar.svg,Skaneateles Community Solar Farm,"Skaneateles, NY",1252,,42.976175,-76.3912179
https://der.nyserda.ny.gov/static/map/img/dot-solar.svg,Skidmore College,"Saratoga Springs, NY",2100,,43.095738,-73.8120828
https://der.nyserda.ny.gov/static/map/img/dot-solar.svg,"SL Sherman, LLC - 176 W. Main St.","Sherman, NY",6400,,42.1577216,-79.6044237
https://der.nyserda.ny.gov/static/map/img/dot-solar.svg,Slate Hill Solar LLC - 28 County Rte 22,"Johnson, NY",2800,,41.363304,-74.5054159
https://der.nyserda.ny.gov/static/map/img/dot-solar.svg,Solar Farms New York - 256 Van Etten,"Spencer, NY",3000,,42.211404,-76.5167919
https://der.nyserda.ny.gov/static/map/img/dot-solar.svg,Solar Farms New York - 292 Van Etten,"Spencer, NY",6000,,42.20717,-76.5190729
https://der.nyserda.ny.gov/static/map/img/dot-solar.svg,Solar Farms New York - Baldwins Community Solar,"Lowman, NY",2800,,42.086888,-76.7145229
https://der.nyserda.ny.gov/static/map/img/dot-solar.svg,"Solar Farms New York - Cascadilla Community Solar Farm at Cornell, South","Dryden, NY",9000,,42.4379322,-76.4428919
https://der.nyserda.ny.gov/static/map/img/dot-solar.svg,"Solar Farms New York - Cascadilla Community Solar Farm at Cornell, South 2","Dryden, NY",4500,,42.4379322,-76.4428919
https://der.nyserda.ny.gov/static/map/img/dot-solar.svg,Solar Farms New York - Cayuga County Community Solar Farm,"Auburn, NY",4800,,42.978584,-76.5470641
https://der.nyserda.ny.gov/static/map/img/dot-solar.svg,Solar Farms New York - Dryden Community Solar Farm - 212 Ferguson Rd - PV Systems,"Dryden, NY",2800,,42.484525,-76.3227309
https://der.nyserda.ny.gov/static/map/img/dot-solar.svg,Solar Farms New York - Middlesex Community Solar Farm,"Rushville, NY",5500,,42.7617736,-77.2512751
https://der.nyserda.ny.gov/static/map/img/dot-solar.svg,Solar Generation Projects - 13800 US-9W,"Hannacroix, NY",6400,,42.4335803,-73.8146827
https://der.nyserda.ny.gov/static/map/img/dot-solar.svg,Solar Generation Projects - 58 Seber Shores Dr,"Sandy Creek, NY",7600,,43.6429206,-76.1663522
https://der.nyserda.ny.gov/static/map/img/dot-solar.svg,SolarCity Corp - 247 Airport Rd,"Binghamton, NY",4100,,42.191259,-75.8405049
https://der.nyserda.ny.gov/static/map/img/dot-solar.svg,SolarCity Corp - 487 NY Route 13,"Cortland, NY",2800,"42.554402, -76.242539",42.554701,-76.2454159
https://der.nyserda.ny.gov/static/map/img/dot-solar.svg,SolarCity Corp - 600 Lime Hollow Rd,"Cortland, NY",2700,"42.571230, -76.233890",42.572028,-76.2368563
https://der.nyserda.ny.gov/static/map/img/dot-solar.svg,SolarCity Corp - 905 Gallagher Rd,"Cortland, NY",2700,"42.561963, -76.214219",42.5606864,-76.2198409
https://der.nyserda.ny.gov/static/map/img/dot-solar.svg,SolarCity Corporat - 1994 East River Rd,"Cortland, NY",2700,"42.626789, -76.143214",42.6271562,-76.1461315
https://der.nyserda.ny.gov/static/map/img/dot-solar.svg,SolarCity Corporat - 707 Stupke Rd,"Cortland, NY",2800,"42.578240, -76.229049",42.5769957,-76.2297574
https://der.nyserda.ny.gov/static/map/img/dot-solar.svg,SolarPark 4a LLC - 2180 Alvin Rd,"Grand Island, NY",5500,,43.0169688,-78.980377
https://der.nyserda.ny.gov/static/map/img/dot-solar.svg,Solean East 1 (North),"Olean, NY",2700,,42.0917947,-78.4429785
https://der.nyserda.ny.gov/static/map/img/dot-solar.svg,Solean East 2 (South),"Olean, NY",2700,,42.0917947,-78.4429785
https://der.nyserda.ny.gov/static/map/img/dot-solar.svg,Solexus Maybrook Road,"Campbell Hall, NY",7500,,41.4634785,-74.2531416
https://der.nyserda.ny.gov/static/map/img/dot-solar.svg,Solitude Solar - 5200 Flat Rock Road,"Lowville, NY",7200,,43.7459416,-75.4730106
https://der.nyserda.ny.gov/static/map/img/dot-solar.svg,Solitude Solar - 6468 Glendale Rd,"Glenfield, NY",2800,,43.7091179,-75.4134999
https://der.nyserda.ny.gov/static/map/img/dot-solar.svg,Solitude Solar LLC - NY-26,"Carthage, NY",7200,,43.95647,-75.6174181
https://der.nyserda.ny.gov/static/map/img/dot-solar.svg,Solitude Solar LLC - Sugar Hill Rd,"Clifton Park, NY",6900,,42.8189129,-73.8429185
https://der.nyserda.ny.gov/static/map/img/dot-solar.svg,Solitude Solar LLC d/b/a US Light Energy,"Turin, NY",3400,,43.7459416,-75.4730106
https://der.nyserda.ny.gov/static/map/img/dot-solar.svg,Solitude Solar Rus - 1040 County Rd 21,"Hermon, NY",2400,,44.3728339,-75.2102214
https://der.nyserda.ny.gov/static/map/img/dot-solar.svg,"Solitude Solar, LLC - 1850 County Route 194 Unit A","Copenhagen, NY",4300,,43.8668401,-75.7238578
https://der.nyserda.ny.gov/static/map/img/dot-solar.svg,"Solitude Solar, LLC d/b/a US Light Energy - 66 Freemans Bridge Rd","Glenville, NY",5900,,42.8380585,-73.9374893
https://der.nyserda.ny.gov/static/map/img/dot-solar.svg,South Goshen,"Goshen, NY",6900,,41.3877987,-74.3436691
https://der.nyserda.ny.gov/static/map/img/dot-solar.svg,Sparrow Bush NY 1 & 2 - 152 Peenpack Trail,"Sparrow Bush, NY",4200,,41.456281,-74.7327289
https://der.nyserda.ny.gov/static/map/img/dot-solar.svg,SSC Lysander LLC - 8071 River Rd,"Lysander, NY",4700,,43.161552,-76.2868289
https://der.nyserda.ny.gov/static/map/img/dot-solar.svg,SSC Oswego LLC - 8341 State Route 104,"Oswego, NY",3000,,43.368239,-76.5688279
https://der.nyserda.ny.gov/static/map/img/dot-solar.svg,SSC Scriba LLC - 5859 State Route 104,"Scriba, NY",6700,,43.45914,-76.4672229
https://der.nyserda.ny.gov/static/map/img/dot-solar.svg,St. Lawrence University (NY 14 0111),"Watertown, NY",2900,,43.9320356,-75.8781871
https://der.nyserda.ny.gov/static/map/img/dot-solar.svg,Standard Solar Inc - 2763 Chandler Rd,"Piffard, NY",7100,,42.821686,-77.8786499
https://der.nyserda.ny.gov/static/map/img/dot-solar.svg,Staten Island Mall,"Staten Island, NY",1091,,40.5810461,-74.1704681
https://der.nyserda.ny.gov/static/map/img/dot-solar.svg,Stewart's Shops Corporation - Halfmoon,"Mechanicville, NY",1852,,42.9155786,-73.7436852
https://der.nyserda.ny.gov/static/map/img/dot-solar.svg,Sullivan Community College,"Loch Sheldrake, NY",2200,,41.7641135,-74.6705499
https://der.nyserda.ny.gov/static/map/img/dot-solar.svg,Sullivan County Adult Care,"Liberty, NY",2500,,41.7961826,-74.7097973
https://der.nyserda.ny.gov/static/map/img/dot-solar.svg,"Sulpher Creek Solar, LLC - 2510 RT96","Clifton Springs, NY",6900,,42.970416,-77.1261509
https://der.nyserda.ny.gov/static/map/img/dot-solar.svg,Sunstarter Solar XL LLC,"MInisink, NY",2900,,41.2945243,-74.5422533
https://der.nyserda.ny.gov/static/map/img/dot-solar.svg,Sunstarter Solar XXXII LLC,"Westtown, NY",1723,,41.3130565,-74.5275608
https://der.nyserda.ny.gov/static/map/img/dot-solar.svg,SunStream Hudson,"Hudson, NY",5400,,42.204326,-73.8002207
https://der.nyserda.ny.gov/static/map/img/dot-solar.svg,Sunvestment Energy Group - 173558,"Harrietstown, NY",2100,,44.355146,-74.147002
https://der.nyserda.ny.gov/static/map/img/dot-solar.svg,"Sunvestment Energy Group NY 64, LLC - 5563 Lakeville Road","geneseo, NY",4100,,42.8343105,-77.7196068
https://der.nyserda.ny.gov/static/map/img/dot-solar.svg,SUNY Albany - 1400 Washington Ave,"Albany, NY",1871,,42.6842264,-73.8287809
https://der.nyserda.ny.gov/static/map/img/dot-solar.svg,SUNY Buffalo - 1 Rensch Rd,"Getzville, NY",1758,,42.9979255,-78.8087142
https://der.nyserda.ny.gov/static/map/img/dot-solar.svg,SUNY Buffalo - 75 Webster Rd,"Getzville, NY",6500,,43.0012366,-78.780886
https://der.nyserda.ny.gov/static/map/img/dot-solar.svg,SUNY Cortland College,"Cortland, NY",1063,,42.5980888,-76.1911826
https://der.nyserda.ny.gov/static/map/img/dot-solar.svg,SUNY Fredonia - 280 Central Ave,"Fredonia, NY",1425,,42.4530521,-79.3460484
https://der.nyserda.ny.gov/static/map/img/dot-solar.svg,SUNY Poly Perth,"Amsterdam, NY",5200,,43.0073668,-74.1916682
https://der.nyserda.ny.gov/static/map/img/dot-solar.svg,SUNY Poly Selkirk 1 - 59 Speeder Road,"Selkirk, NY",2600,,42.549507,-73.8237179
https://der.nyserda.ny.gov/static/map/img/dot-solar.svg,SUNY Poly Selkirk 2 - 61 Speeder Road,"Selkirk, NY",2600,,42.545223,-73.8216153
https://der.nyserda.ny.gov/static/map/img/dot-solar.svg,SUNY Poly Selkirk 3 - 63 Speeder Road,"Selkirk, NY",2600,,42.545223,-73.8216153
https://der.nyserda.ny.gov/static/map/img/dot-solar.svg,SUNY Poly Selkirk 4 - 65 Speeder Road,"Selkirk, NY",2600,,42.549507,-73.8237179
https://der.nyserda.ny.gov/static/map/img/dot-solar.svg,"SUNY RF, on behalf of SUNY Polytechnic - 218 Buckley Road","Whitehall, NY",5700,,43.553817,-73.3664379
https://der.nyserda.ny.gov/static/map/img/dot-solar.svg,"SUNY RF, on behalf of SUNY Polytechnic - 258 Elmwood Ave","Gloversville, NY",5600,,43.055128,-74.3263369
https://der.nyserda.ny.gov/static/map/img/dot-solar.svg,"SUNY RF, on behalf of SUNY Polytechnic 11 - Old Stage Road","Altamont, NY",2800,,42.6896769,-74.0604438
https://der.nyserda.ny.gov/static/map/img/dot-solar.svg,"SUNY RF, on behalf of SUNY Polytechnic 12 - 0 Greenmount Cemetery","Whitehall, NY",2600,,43.5415515,-73.3915827
https://der.nyserda.ny.gov/static/map/img/dot-solar.svg,Sustainable Energy Developments - 753 Manitou Road,"Hilton, NY",2700,,43.284833,-77.7553589
https://der.nyserda.ny.gov/static/map/img/dot-solar.svg,Svenski Solar - 2345 Rt 17-k,"Montgomery, NY",3000,,41.5346661,-74.3253163
https://der.nyserda.ny.gov/static/map/img/dot-solar.svg,Sweden 1 - 5535 Lake Road,"Brockport, NY",6600,,43.1728921,-77.9473373
https://der.nyserda.ny.gov/static/map/img/dot-solar.svg,Sweden 2 - 5541 Lake Road,"Brockport, NY",7400,,43.172937,-77.9462649
https://der.nyserda.ny.gov/static/map/img/dot-solar.svg,Swiss Re Management Corporation,"Armonk, NY",2700,,41.0994113,-73.7352352
https://der.nyserda.ny.gov/static/map/img/dot-solar.svg,Taft Solar LLC - 6966 E Taft Rd,"East Syracuse, NY",4400,,43.1183797,-76.0442688
https://der.nyserda.ny.gov/static/map/img/dot-solar.svg,Tannery Road Solar,"Rome, NY",2800,,43.238234,-75.5376039
https://der.nyserda.ny.gov/static/map/img/dot-solar.svg,Tesla Inc. - 1339 S Park Ave,"Buffalo, NY",2500,,42.8586843,-78.843194
https://der.nyserda.ny.gov/static/map/img/dot-solar.svg,The Goldman Sachs Group - 629 Columbia Street Colonie,"Cohoes, NY",1305,,42.765725,-73.7531288
https://der.nyserda.ny.gov/static/map/img/dot-solar.svg,The Research Found - 519 Route 151 (South A),"Oppenheim, NY",2400,,43.0700824,-74.7335656
https://der.nyserda.ny.gov/static/map/img/dot-solar.svg,Three Boroughs LLC,"Bronx, NY",1102,,40.8338193,-73.8432133
https://der.nyserda.ny.gov/static/map/img/dot-solar.svg,Thurston Ridge Solar - 3905 Lewis Rd,"Campbell, NY",6200,,42.1899654,-77.2424179
https://der.nyserda.ny.gov/static/map/img/dot-solar.svg,Time Warner Cable,"Bath, NY",2800,,42.3376845,-77.3779029
https://der.nyserda.ny.gov/static/map/img/dot-solar.svg,Time Warner Cable Enterprises LLC (NY 14 0188),"Rome, NY",2800,,43.1824399,-75.4331082
https://der.nyserda.ny.gov/static/map/img/dot-solar.svg,"TJANY10761 Buck Rd Remsen, LLC - 10761 Buck Rd","Remsen, NY",4800,,43.3344779,-75.1803802
https://der.nyserda.ny.gov/static/map/img/dot-solar.svg,"TJANY11202 Ridge Rd Medina, LLC - 11202 Ridge Rd - PV Systems","Medina, NY",7100,,43.2677319,-78.4011283
https://der.nyserda.ny.gov/static/map/img/dot-solar.svg,TJANYPaul Rd Castelton,"Castleton on Hudson, NY",7200,,42.5239373,-73.7093469
https://der.nyserda.ny.gov/static/map/img/dot-solar.svg,Tompkins Cortland Community College,"Dryden, NY",2600,,42.502126,-76.2902459
https://der.nyserda.ny.gov/static/map/img/dot-solar.svg,Town of Dewitt - 128332,"Dewitt, NY",2700,,43.0454977,-76.0442995
https://der.nyserda.ny.gov/static/map/img/dot-solar.svg,Town of Grand Island - 7755 Oak Orchard Road,"Batavia, NY",2900,,43.038693,-78.1882299
https://der.nyserda.ny.gov/static/map/img/dot-solar.svg,Town of Guilderland - 6151 State Hwy 30,"Amsterdam, NY",2800,,42.897974,-74.2261906
https://der.nyserda.ny.gov/static/map/img/dot-solar.svg,Town of Halfmoon,"Waterford, NY",1298,,42.8363028,-73.6785255
https://der.nyserda.ny.gov/static/map/img/dot-solar.svg,Town of Monroe - 49524,"Monroe, NY",1983,,41.2890812,-74.2376827
https://der.nyserda.ny.gov/static/map/img/dot-solar.svg,Town of Ontario WWTP,"Ontario, NY",2800,,43.2759585,-77.2783263
https://der.nyserda.ny.gov/static/map/img/dot-solar.svg,Town of Penfield,"Penfield, NY",1259,,43.1645686,-77.4533606
https://der.nyserda.ny.gov/static/map/img/dot-solar.svg,Town of Tonawanda,"Tonawanda, NY",2600,,42.9943344,-78.9014587
https://der.nyserda.ny.gov/static/map/img/dot-solar.svg,Town of Wallkill Landfill Project,"Wallkill, NY",2400,,41.5449995,-74.4062945
https://der.nyserda.ny.gov/static/map/img/dot-solar.svg,Town of Walworth Solar Farm,"Walworth, NY",1562,,43.1344077,-77.2915117
https://der.nyserda.ny.gov/static/map/img/dot-solar.svg,Town of Wawarsing,"Wawarsing, NY",1123,,41.7619374,-74.3574363
https://der.nyserda.ny.gov/static/map/img/dot-solar.svg,Town of Williamson Landfill Solar Project,"Williamson, NY",1507,,43.2435339,-77.1781442
https://der.nyserda.ny.gov/static/map/img/dot-solar.svg,U.S. Light Energy - 4535 State Route 104,"Oswego, NY",7200,,43.4788811,-76.3437293
https://der.nyserda.ny.gov/static/map/img/dot-solar.svg,U.S. Light Energy - 6948 Rome Oriskany Rd,"Rome, NY",4500,,43.1929159,-75.4301572
https://der.nyserda.ny.gov/static/map/img/dot-solar.svg,Ulster County,"Kingston, NY",1901,,41.9618959,-73.9841093
https://der.nyserda.ny.gov/static/map/img/dot-solar.svg,Underhill,"Poughkeepsie, NY",3000,,41.7152532,-73.8866768
https://der.nyserda.ny.gov/static/map/img/dot-solar.svg,"Union Vale Solar, LLC","Lagrangeville, NY",2600,,41.6494917,-73.7291532
https://der.nyserda.ny.gov/static/map/img/dot-solar.svg,Upstate Cerebral Palsy,"Barneveld, NY",1401,,43.2512121,-75.1826032
https://der.nyserda.ny.gov/static/map/img/dot-solar.svg,USS New Scotland 1 LLC - 91172,"Slingerlands, NY",2600,,42.6201258,-73.9084124
https://der.nyserda.ny.gov/static/map/img/dot-solar.svg,"Valley Sand and Gravel, Inc","Caledonia, NY",1737,,42.924714,-77.7927959
https://der.nyserda.ny.gov/static/map/img/dot-solar.svg,"Van Epps Solar, LLC - 677 Van Epps","Fultonville, NY",7400,,42.9378051,-74.3774102
https://der.nyserda.ny.gov/static/map/img/dot-solar.svg,Village of Albion,"Albion, NY",1310,,43.2549171,-78.1706277
https://der.nyserda.ny.gov/static/map/img/dot-solar.svg,Volney II,"Fulton, NY",4400,,43.3415654,-76.3565579
https://der.nyserda.ny.gov/static/map/img/dot-solar.svg,VulCraft of NY,"Chemung, NY",1600,,42.0071397,-76.6141734
https://der.nyserda.ny.gov/static/map/img/dot-solar.svg,Waddingham Road Solar - 26719 Waddingham Road,"Evans Mills, NY",5000,,44.067329,-75.8415059
https://der.nyserda.ny.gov/static/map/img/dot-solar.svg,Waddington Solar - 1020 County Road 31,"Waddington, NY",7300,,44.788006,-75.2130879
https://der.nyserda.ny.gov/static/map/img/dot-solar.svg,Wal-Mart Stores Inc. - 8005 Call Pkwy,"Batavia, NY",2800,,43.023553,-78.1859487
https://der.nyserda.ny.gov/static/map/img/dot-solar.svg,Walden - 1343 Route 52 - PV Systems,"Montgomery, NY",5800,,41.583937,-74.2167694
https://der.nyserda.ny.gov/static/map/img/dot-solar.svg,"Walden NY 1, LLC - 757 Route 52 - PV Systems","Walden, NY",2700,,41.5541445,-74.148064
https://der.nyserda.ny.gov/static/map/img/dot-solar.svg,"Warwick Renewables, LLC - 35 Union Corners Road","Warwick, NY",1888,,41.2821392,-74.4059559
https://der.nyserda.ny.gov/static/map/img/dot-solar.svg,Warwick Valley Central School District,"Warwick, NY",2400,,41.2428465,-74.3929409
https://der.nyserda.ny.gov/static/map/img/dot-solar.svg,Washington - NY Ogden - 760 Washington Street,"Ogden, NY",2800,,43.172051,-77.8516639
https://der.nyserda.ny.gov/static/map/img/dot-solar.svg,"Washington Avenue Solar, LLC","Scotia, NY",6100,,42.8215878,-73.9524941
https://der.nyserda.ny.gov/static/map/img/dot-solar.svg,Washingtonville Solar LLC - 19 South Street,"Washingtonville, NY",2800,,41.424096,-74.1695533
https://der.nyserda.ny.gov/static/map/img/dot-solar.svg,Wawayanda 2,"Wawayanda, NY",2500,,41.428844,-74.3912982
https://der.nyserda.ny.gov/static/map/img/dot-solar.svg,West State Johnstown,"Gloversville, NY",5600,,43.0676962,-74.3613596
https://der.nyserda.ny.gov/static/map/img/dot-solar.svg,Westerlo A,"S Westerlo, NY",2800,,42.4448781,-74.0183049
https://der.nyserda.ny.gov/static/map/img/dot-solar.svg,Western Turnpike Solar Project LLC,"Altamont, NY",2800,,42.73009,-73.974637
https://der.nyserda.ny.gov/static/map/img/dot-solar.svg,Westtown NY 1,"Westtown, NY",2800,,41.34645,-74.5643971
https://der.nyserda.ny.gov/static/map/img/dot-solar.svg,"Westtown NY 2, LLC - Whitford Road - PV Systems","Westtown, NY",2800,,41.3489936,-74.525885
https://der.nyserda.ny.gov/static/map/img/dot-solar.svg,Whaling Solar LLC - 10601 Hulser Rd,"Utica, NY",4500,,43.1909808,-75.2030278
https://der.nyserda.ny.gov/static/map/img/dot-solar.svg,Wheatland 2A - 9565 Union Street - PV Systems,"Scottsville, NY",5900,,43.013421,-77.8031629
https://der.nyserda.ny.gov/static/map/img/dot-solar.svg,Wheatland 2B - 9565 Union Street - PV Systems,"Scottsville, NY",5900,,43.0132344,-77.8032355
https://der.nyserda.ny.gov/static/map/img/dot-solar.svg,"White River Solar, LLC - 2270 River Road","Schodack, NY",7500,,42.5589693,-73.746318
https://der.nyserda.ny.gov/static/map/img/dot-solar.svg,"Whitehaven Solar A, LLC - 1621 Whitehaven Road Solar Unit A - PV Systems","Grand Island, NY",6900,,43.022355,-78.9541566
https://der.nyserda.ny.gov/static/map/img/dot-solar.svg,"Wildcat Renewables, LLC - 11061 Bullis Rd","Marilla, NY",5700,,42.8392693,-78.576704
https://der.nyserda.ny.gov/static/map/img/dot-solar.svg,"Wildcat Renewables, LLC - 587 County Route 11","Gouverneur, NY",4900,,44.3697097,-75.4564305
https://der.nyserda.ny.gov/static/map/img/dot-solar.svg,"Wildcat Renewables, LLC - 7506 Baird Rd","Minoa, NY",3500,,43.0636785,-76.0112757
https://der.nyserda.ny.gov/static/map/img/dot-solar.svg,Winema Solar Partners LLC - 4438 Scholtz Rd,"Vernon, NY",6700,,43.0827538,-75.6263209
https://der.nyserda.ny.gov/static/map/img/dot-solar.svg,Yellow 4 LLC - 843 State Route 11,"Champlain, NY",3300,,44.976462,-73.4445899
